v_hit,j_hit,cdr3,S1-10ng_S6,S1-10ng_S18,freq,count_sum
TRAV29DV5,TRAJ37,CAASAVFQSSSNTGKLIF,1,0,1,1
TRAV26-1,TRAJ38,CIVRLLNAGNNRKLIW,8,5,2,13
TRAV27,TRAJ24,CAGVMATDSWGKLQF,2,0,1,2
TRAV12-1,TRAJ26,CVVNKDYGQNFVF,6,3,2,9
TRAV38-2DV8,TRAJ43,CAYRSAHDMRF,1,0,1,1
TRAV13-1,TRAJ6,CAATRGGSYIPTF,1,0,1,1
TRAV20,TRAJ42,CAVGFLWGGSQGNLIF,3,0,1,3
TRAV8-3,TRAJ31,CAVGAIDNNARLMF,1,0,1,1
TRAV21,TRAJ27,CAARGETNAGKSTF,3,0,1,3
TRAV17,TRAJ30,CATDRKRDDKIIF,2,0,1,2
TRAV13-1,TRAJ43,CAATTYNNNDMRF,2,0,1,2
TRAV36DV7,TRAJ35,CAVSGSGFGNVLHC,1,0,1,1
TRAV38-2DV8,TRAJ43,CAYRSANNNDKRF,1,0,1,1
TRAV13-2,TRAJ49,CAENGGPGNQFYF,2,0,1,2
TRAV9-2,TRAJ43,CARNTNDDMRF,1,0,1,1
TRAV19,TRAJ5,RALSEAMDTGRRALTL,1,0,1,1
TRAV36DV7,TRAJ34,CAVEHNTDKLIF,2,0,1,2
TRAV17,TRAJ5,CATHTGRRALTF,1,0,1,1
TRAV38-1,TRAJ36,CAFLYLQTGANNLFF,1,0,1,1
TRAV17,TRAJ5,CATDARTGRRALTF,1,0,1,1
TRAV9-2,TRAJ45,CALLAPTTGGGADGLTF,2,0,1,2
TRAV2,TRAJ22,CAVEVFISSGSARQLTF,3,2,2,5
TRAV13-1,TRAJ45,CAASKTGGGADGLTF,3,0,1,3
TRAV6,TRAJ22,CALPSSGSARQLTF,1,0,1,1
TRAV12-2,TRAJ22,CAVNMKSSARQLTF,2,1,2,3
TRAV4,TRAJ29,CLVSSGNTPLVF,1,0,1,1
TRAV14DV4,TRAJ13,CAMRELRRGYQKVTF,2,0,1,2
TRAV17,TRAJ40,CATDDSGTYKYIF,1,0,1,1
TRAV38-1,TRAJ58,CAFMNGETSGSRLTF,1,0,1,1
TRAV22,TRAJ34,CAFGSYNADKLIF,1,0,1,1
TRAV20,TRAJ40,CAAVSGTYKYIF,1,0,1,1
TRAV14DV4,TRAJ27,CAMTPNAGKSTF,1,0,1,1
TRAV13-1,TRAJ42,CAAIKVPGGSQGNLIF,1,0,1,1
TRAV19,TRAJ20,CALSEDSNDYKLSF,2,0,1,2
TRAV27,TRAJ52,CAGAGGTSYGKLTF,2,0,1,2
TRAV10,TRAJ7,CVVGYYGNNRLAF,1,0,1,1
TRAV8-3,TRAJ9,CAVGLHTGGFKTIF,1,0,1,1
TRAV19,TRAJ44,CALSEATGTASKLTF,1,0,1,1
TRAV21,TRAJ38,CAVEPIRAGNNRKLIW,1,0,1,1
TRAV38-2DV8,TRAJ54,CAYRRGIQGAQKLVF,2,0,1,2
TRAV38-2DV8,TRAJ57,CAYRIQGGSEKLVF,2,0,1,2
TRAV30,TRAJ45,CGTLQGGGADGLTF,1,0,1,1
TRAV38-1,TRAJ47,CAFMKQRGNKLVF,1,0,1,1
TRAV16,TRAJ49,CALNHFTGNQFYF,1,0,1,1
TRAV21,TRAJ21,CAVQPGDFNKFYF,2,0,1,2
TRAV38-1,TRAJ49,CAFLDTGNQFYF,1,0,1,1
TRAV9-2,TRAJ20,CALSKGDYKLSF,1,0,1,1
TRAV13-1,TRAJ6,CAAKGGSYIPTF,1,0,1,1
TRAV13-2,TRAJ26,CAENKDYGQNFVF,1,0,1,1
TRAV38-1,TRAJ34,CAFGNTDKLIF,1,0,1,1
TRAV26-2,TRAJ43,CILRDVGDMRF,1,0,1,1
TRAV3,TRAJ27,CAVRDGYTNAGKSTF,1,0,1,1
TRAV13-1,TRAJ45,CAASDSGGGADGLTF,2,0,1,2
TRAV2,TRAJ40,CAVTRASGTYKYIF,2,0,1,2
TRAV24,TRAJ18,CAFRRGSTLGRLYF,2,0,1,2
TRAV14DV4,TRAJ26,CAMREIDYGQNFVF,1,0,1,1
TRAV2,TRAJ23,CAAQYNQGGKLIF,2,0,1,2
TRAV12-1,TRAJ15,CVVNQAGTALIF,3,5,2,8
TRAV8-3,TRAJ7,CAVKGNNRLAF,2,0,1,2
TRAV5,TRAJ42,CAESLNYGGSQGNLIF,2,0,1,2
TRAV2,TRAJ21,CAVEDRNNFNKFYF,1,0,1,1
TRAV36DV7,TRAJ42,CAVQPGSQGNLIF,1,0,1,1
TRAV13-2,TRAJ31,CAADLNNARLMF,1,0,1,1
TRAV13-1,TRAJ8,CAAFLGSFQKLVF,1,0,1,1
TRAV13-1,TRAJ49,CAASNTGNQFYF,2,0,1,2
TRAV12-2,TRAJ6,CAVPQGGGSCIPTF,1,0,1,1
TRAV29DV5,TRAJ22,CAATPRSARQLTF,1,0,1,1
TRAV16,TRAJ16,CAPLNGQKLLF,1,0,1,1
TRAV10,TRAJ44,CVVKSLPLNTGTASKLTF,1,0,1,1
TRAV14DV4,TRAJ3,CAMREVSGYSSASKIIF,1,0,1,1
TRAV41,TRAJ52,CAADVPGGTSYGKLTF,1,0,1,1
TRAV12-1,TRAJ41,CVVTLNSNSGYALNF,1,0,1,1
TRAV38-2DV8,TRAJ54,CAYRWGIQGAQKLVF,1,0,1,1
TRAV22,TRAJ32,CAVEGYGGATNKLIF,1,0,1,1
TRAV13-2,TRAJ23,CAESMIYNQGGKLIF,1,0,1,1
TRAV9-2,TRAJ44,CALGNTGTASKLTF,1,0,1,1
TRAV16,TRAJ56,CALQLTGANSKLTF,1,0,1,1
TRAV36DV7,TRAJ17,CAGGGPAAGNKLTF,1,0,1,1
TRAV20,TRAJ4,CAGPFSGGYNKLIF,1,0,1,1
TRAV12-2,TRAJ52,CAVTGGTSYGKLTF,1,0,1,1
TRAV10,TRAJ39,CVVIYHAGNMLTF,1,0,1,1
TRAV19,TRAJ34,CALSEVGTDKLIF,1,0,1,1
TRAV19,TRAJ40,CALSISGTYKYIF,2,0,1,2
TRAV22,TRAJ4,CAVTIGGYNKLIF,1,0,1,1
TRAV13-1,TRAJ44,CAHNTGTASKLTF,1,0,1,1
TRAV27,TRAJ39,CAEVNNAGNMLTF,2,0,1,2
TRAV34,TRAJ23,CGADLDQGGKLIF,1,0,1,1
TRAV2,TRAJ20,CAVPSNDYKLSF,1,0,1,1
TRAV12-2,TRAJ43,CAVPLYNNDMRF,2,0,1,2
TRAV26-1,TRAJ26,CIVRSYGQNFVF,1,0,1,1
TRAV9-2,TRAJ49,CALFTGNQFYF,1,0,1,1
TRAV35,TRAJ43,CAIYNNNDMRF,1,0,1,1
TRAV12-2,TRAJ37,CAVYTGKLIF,3,3,2,6
TRAV38-2DV8,TRAJ45,CAYRSALGGGADGLTF,1,0,1,1
TRAV41,TRAJ30,CAATTRRDDKIIF,1,0,1,1
TRAV13-1,TRAJ11,CAASNSGYSTLTF,1,0,1,1
TRAV13-2,TRAJ52,CAENTGQLAGGTSYGKLTF,1,0,1,1
TRAV23DV6,TRAJ28,CAAKKGGYSGAGSYQLTF,2,0,1,2
TRAV2,TRAJ22,CAVRALISSGSARQLTF,1,0,1,1
TRAV8-3,TRAJ44,CAVGDEGGTASKLTF,1,0,1,1
TRAV24,TRAJ53,CAFPPGGGSNYKLTF,1,0,1,1
TRAV13-1,TRAJ22,CAASKGSGSARQLTF,2,0,1,2
TRAV23DV6,TRAJ22,CAASSHSGSARQLTF,2,0,1,2
TRAV29DV5,TRAJ32,CAASTYGGATNKLIF,1,0,1,1
TRAV38-2DV8,TRAJ45,CAYRSGGGADGLTF,2,0,1,2
TRAV9-2,TRAJ6,CALLKVGGSYIPTF,1,0,1,1
TRAV12-2,TRAJ37,CAVKSSSNTGKLIF,1,0,1,1
TRAV30,TRAJ24,CGTELTDSWGKLQF,1,0,1,1
TRAV26-1,TRAJ43,CIVRARHNNNDMRF,1,0,1,1
TRAV6,TRAJ3,CASPYSSASKIIF,2,0,1,2
TRAV22,TRAJ16,CAVGFSDGQKLLF,1,0,1,1
TRAV17,TRAJ6,CATDAGGGYIPTF,1,0,1,1
TRAV13-1,TRAJ36,CAASKDGANNLFF,1,0,1,1
TRAV5,TRAJ15,CAERNQAGTALIF,1,0,1,1
TRAV38-2DV8,TRAJ43,CAYRSAGDDMRF,2,1,2,3
TRAV9-2,TRAJ26,CALSDYGQNFVF,1,0,1,1
TRAV29DV5,TRAJ54,CAANFGAQKLVF,1,0,1,1
TRAV13-1,TRAJ6,CAAKGGSYIATF,1,0,1,1
TRAV25,TRAJ54,CAGLRGAQKLVF,1,0,1,1
TRAV26-1,TRAJ39,CIRQNAGNMLTF,1,0,1,1
TRAV41,TRAJ49,CAVDFGNQFYF,2,0,1,2
TRAV13-1,TRAJ44,CAARNTGTASKLTF,1,0,1,1
TRAV19,TRAJ32,CALSGVNYGGATNKLIF,1,0,1,1
TRAV8-3,TRAJ28,CAVVFPYSGAGSYQLTF,1,0,1,1
TRAV13-1,TRAJ42,CAARAMNYGGSQGNLIF,1,0,1,1
TRAV4,TRAJ42,CLVGASLRGGSQGNLIF,1,0,1,1
TRAV16,TRAJ52,CACFNAGGTSYGKLTF,1,0,1,1
TRAV41,TRAJ52,CAVLSAGGTNYGKLTF,1,0,1,1
TRAV3,TRAJ15,CAVRDFGSQAGTALIF,2,0,1,2
TRAV41,TRAJ52,CAVANAGGTSYGKLTF,2,0,1,2
TRAV25,TRAJ53,CAGHRRSGGSNYKLTF,1,0,1,1
TRAV13-2,TRAJ13,CAENQPQSGGYQKVTF,1,0,1,1
TRAV14DV4,TRAJ42,CAMRENYGGSQGNLIF,2,0,1,2
TRAV4,TRAJ40,CLVGDPLVGGTYKYIF,1,0,1,1
TRAV26-1,TRAJ42,CIVRMSYGGSQGNLIF,1,0,1,1
TRAV9-2,TRAJ13,CALSPMSGGYQKVTF,1,0,1,1
TRAV35,TRAJ37,CAGPHGSSNTGKLIF,1,0,1,1
TRAV8-1,TRAJ22,CAVNVPSGSARQLTF,1,0,1,1
TRAV14DV4,TRAJ17,CAMPPFKAAGNKLTF,1,0,1,1
TRAV14DV4,TRAJ4,CAMREFSGGYNKLIF,1,0,1,1
TRAV14DV4,TRAJ5,CAMREFNTGRRALTF,1,0,1,1
TRAV14DV4,TRAJ48,CAMRESNFGNEKLTF,1,0,1,1
TRAV14DV4,TRAJ11,CAMREGGTRYSTLTF,1,0,1,1
TRAV26-1,TRAJ48,CIVRVVSFGNEKLTF,1,0,1,1
TRAV12-1,TRAJ15,CVVNEGQAGTALIF,1,0,1,1
TRAV38-1,TRAJ58,CAFTQETSGSRLTF,1,0,1,1
TRAV38-2DV8,TRAJ43,CAYLSGGNNNDMRF,1,0,1,1
TRAV9-2,TRAJ9,CALSEYTGGFKTIF,1,0,1,1
TRAV3,TRAJ10,CAVRDGGGGNKLTF,1,0,1,1
TRAV38-2DV8,TRAJ44,CAGYRLGTASKLTF,2,0,1,2
TRAV13-1,TRAJ48,CAASTWGGNEKLTF,1,0,1,1
TRAV23DV6,TRAJ20,CAKHPGVNDYQLSF,1,0,1,1
TRAV26-2,TRAJ15,CILREGQAGTALIF,1,0,1,1
TRAV12-1,TRAJ27,CVVNLPRKGKSTF,1,0,1,1
TRAV12-1,TRAJ26,CVVNKDYGLNFVF,1,0,1,1
TRAV13-1,TRAJ47,CAAGRQYGNKLVF,1,0,1,1
TRAV13-1,TRAJ29,CAASDSGNTLLVF,2,0,1,2
TRAV29DV5,TRAJ35,CAASIGFGNVLHC,1,0,1,1
TRAV13-2,TRAJ26,CAETPGYGQNFVF,1,0,1,1
TRAV13-2,TRAJ11,CAENIAGYSTLTF,1,0,1,1
TRAV12-3,TRAJ41,CAMITNSGYALNF,1,0,1,1
TRAV6,TRAJ49,CALGGTGNQFYF,1,0,1,1
TRAV16,TRAJ39,CALNNAGNMLTF,1,0,1,1
TRAV22,TRAJ17,CAVESAGNKLTF,1,0,1,1
TRAV8-1,TRAJ43,CAVNIWNNDMRF,1,0,1,1
TRAV27,TRAJ29,CAGGKGNTPLVF,1,0,1,1
TRAV5,TRAJ49,CAETLAGNQFYF,2,0,1,2
TRAV26-2,TRAJ42,CILNESQGNLIF,1,0,1,1
TRAV25,TRAJ21,WTRGYNFNKFYF,1,0,1,1
TRAV17,TRAJ34,CATDDTDKLIF,1,0,1,1
TRAV27,TRAJ43,CAGVRARDMRF,2,0,1,2
TRAV13-2,TRAJ22,CAENSYRQLTF,1,0,1,1
TRAV38-2DV8,TRAJ50,CTYRFDKVIF,1,0,1,1
TRAV36DV7,TRAJ45,CAVTPSGGGADGLTF,1,0,1,1
TRAV20,TRAJ21,CAVGALYNFNKFYF,2,0,1,2
TRAV2,TRAJ40,CAVEVPGTYKYIF,2,0,1,2
TRAV12-3,TRAJ52,CAMCNAGGTSYGKLTF,1,0,1,1
TRAV41,TRAJ49,CAVRAPTGNQFYF,1,0,1,1
TRAV19,TRAJ28,CALSEESYSGAGSYQLTF,1,0,1,1
TRAV12-3,TRAJ18,CAMSASRIRGSTLGRLYF,1,0,1,1
TRAV38-2DV8,TRAJ44,CAYRSPINTGTASKLTF,1,0,1,1
TRAV29DV5,TRAJ24,CAASPGGLTDSWGKLQF,1,0,1,1
TRAV14DV4,TRAJ38,CAMREPFNAGNNRKLIW,2,0,1,2
TRAV26-1,TRAJ42,CIVRVMNYGGSQGNLIF,1,0,1,1
TRAV21,TRAJ38,CAVSSGVASNNRKLIW,1,0,1,1
TRAV13-1,TRAJ42,CAALPREGGSQGNLIF,2,0,1,2
TRAV14DV4,TRAJ12,CAMREAWMDSSYKLIF,1,0,1,1
TRAV14DV4,TRAJ8,CAMREGVNTGFQKLVF,1,0,1,1
TRAV26-1,TRAJ54,CIVGYRGIQGAQKLVF,1,0,1,1
TRAV26-1,TRAJ38,CIVRLLNAGSNRKLIW,1,0,1,1
TRAV26-1,TRAJ45,CIVRVALGGGADGLTF,1,0,1,1
TRAV26-1,TRAJ52,CIVRAAGGTSYGKLTF,1,0,1,1
TRAV12-1,TRAJ42,CVVNIGGGSQGNLIF,1,0,1,1
TRAV12-1,TRAJ35,CVAAALIGFGNVLHC,1,0,1,1
TRAV38-2DV8,TRAJ36,CAYRSAQTGANNLFF,1,0,1,1
TRAV38-2DV8,TRAJ33,CAYRSATNSNYQLIW,1,0,1,1
TRAV9-2,TRAJ45,CALSGSGGGADGLTF,1,0,1,1
TRAV16,TRAJ4,CALSLFSGGYNKLIF,1,0,1,1
TRAV16,TRAJ32,CALSSLGGATNKLIF,1,0,1,1
TRAV20,TRAJ12,CAVQAWMDSGYKLIF,1,0,1,1
TRAV8-1,TRAJ28,CAVIFSGAGSYQLTF,1,0,1,1
TRAV12-2,TRAJ10,CAADILTGGGNKLTF,3,4,2,7
TRAV12-3,TRAJ6,CAIFHASGGSYIPTF,1,0,1,1
TRAV34,TRAJ54,CGAVPIIQGAQKLVF,1,0,1,1
TRAV4,TRAJ34,CLVGDLSYNTDKLIF,1,0,1,1
TRAV4,TRAJ33,CLVGDTVDSNYQLIW,1,0,1,1
TRAV12-1,TRAJ42,CVVNREGSQGNLIF,1,0,1,1
TRAV38-1,TRAJ54,CAFIKIQGAQKLVF,2,0,1,2
TRAV38-2DV8,TRAJ45,CAYRRTGGADGLTF,1,0,1,1
TRAV9-2,TRAJ40,CALSVPKGTYKYIF,1,0,1,1
TRAV19,TRAJ26,CALSEAGYGQNFVF,1,0,1,1
TRAV20,TRAJ42,CAVVYGGSQGNLIF,1,0,1,1
TRAV8-3,TRAJ29,CAVVANSGNTPLVF,1,0,1,1
TRAV8-3,TRAJ33,CAVAPRDSNYQLIW,1,0,1,1
TRAV36DV7,TRAJ27,CAVEAYTNAGKSTF,1,0,1,1
TRAV12-2,TRAJ49,CAVKIKNTGNQFYF,1,0,1,1
TRAV35,TRAJ13,CAGPISGGYQKVTF,1,0,1,1
TRAV13-1,TRAJ49,CAASRPNTGNQFYF,1,0,1,1
TRAV27,TRAJ52,CAGARGTSYGKLTF,2,0,1,2
TRAV12-3,TRAJ21,CAMIPLYNFNKFYF,1,0,1,1
TRAV12-3,TRAJ10,CAMSEGGGGNKLTF,1,0,1,1
TRAV4,TRAJ4,CLVDPSGGYNKLIF,1,0,1,1
TRAV30,TRAJ8,CGTEIDVGFQKLVF,1,0,1,1
TRAV8-2,TRAJ27,CVVSEESAGKSTF,1,0,1,1
TRAV12-1,TRAJ44,CVVATGTASKLTF,1,0,1,1
TRAV10,TRAJ27,CVVSANNAGKSTF,1,0,1,1
TRAV12-1,TRAJ29,CVVNTVGNTPLVF,1,0,1,1
TRAV12-1,TRAJ7,CVVNKDGNNRLAF,1,0,1,1
TRAV19,TRAJ20,CALSERNDYKLSF,2,0,1,2
TRAV9-2,TRAJ20,CALSSWNDYKLSF,1,0,1,1
TRAV16,TRAJ44,CALRSGTASKLTF,1,0,1,1
TRAV41,TRAJ35,CAVKIGFGNVLHC,1,0,1,1
TRAV20,TRAJ58,CAVRETSGSRLTF,1,0,1,1
TRAV2,TRAJ23,CAVEDNQGGKLIF,1,0,1,1
TRAV2,TRAJ31,CAVEEGNNARLMF,1,0,1,1
TRAV21,TRAJ49,CAVILRTGNQFYF,2,0,1,2
TRAV8-3,TRAJ27,CAALTGNAGKSTF,1,0,1,1
TRAV39,TRAJ58,CAVAKTSGSRLTF,1,0,1,1
TRAV5,TRAJ15,CAEMDQAGTALIF,2,0,1,2
TRAV12-3,TRAJ9,CAMSVKEGFKTIF,1,0,1,1
TRAV14DV4,TRAJ43,CAMREGWNNDMRF,1,0,1,1
TRAV4,TRAJ43,CLVGAYNNNDMRF,1,0,1,1
TRAV12-1,TRAJ24,CVVTRSWGKLQF,1,0,1,1
TRAV12-1,TRAJ9,CVVNAGGFKTIF,1,0,1,1
TRAV38-2DV8,TRAJ48,CALRIGNEKLTF,1,0,1,1
TRAV36DV7,TRAJ42,CAYGGSQGNLIF,1,0,1,1
TRAV16,TRAJ43,CALSYNNNDMRF,1,0,1,1
TRAV12-2,TRAJ21,CAVIANFNKFYF,1,0,1,1
TRAV8-1,TRAJ20,CAVSSNDYKLSF,1,0,1,1
TRAV6,TRAJ9,CAPGTGGFKTIF,1,0,1,1
TRAV12-3,TRAJ27,CAADTNAGKSTF,1,0,1,1
TRAV13-1,TRAJ21,CAASIDRNKFYF,1,0,1,1
TRAV13-1,TRAJ49,CAASISGNQFYF,1,0,1,1
TRAV13-1,TRAJ16,CAASNRGQKLLF,2,0,1,2
TRAV2,TRAJ20,CAVLNDYKLSF,1,0,1,1
TRAV12-3,TRAJ20,CAVTNDYKLSF,1,0,1,1
TRAV13-1,TRAJ4,CASDGYNKLIF,1,0,1,1
TRAV26-2,TRAJ41,CILASGYALNH,1,0,1,1
TRAV38-2DV8,TRAJ43,CAISQYDMRF,1,0,1,1
TRAV12-3,TRAJ20,CAMNDYKLSF,1,0,1,1
TRAV38-2DV8,TRAJ44,CVASKLTF,1,0,1,1
TRAV17,TRAJ8,CATDAWDTGFQKLVF,1,0,1,1
TRAV5,TRAJ10,CAERLTGGGNKLTF,1,0,1,1
TRAV35,TRAJ42,CAGQLGGSQRNLIF,1,0,1,1
TRAV12-3,TRAJ34,CAMGPLNTDKLIL,1,0,1,1
TRAV9-2,TRAJ39,CALKQAGNMLTF,2,0,1,2
TRAV8-3,TRAJ43,CAVGAGNNDMRL,1,0,1,1
TRAV6,TRAJ41,CALGKSEYALNF,1,0,1,1
TRAV26-2,TRAJ52,CILDQSPYAGGTSYGKLTF,1,0,1,1
TRAV14DV4,TRAJ52,CAMNPFNAGGTSYGKLTF,1,0,1,1
TRAV16,TRAJ57,CALKGGSSLGGSEKLVF,1,0,1,1
TRAV25,TRAJ38,CAGRLRLDAGNNRKLIW,1,0,1,1
TRAV14DV4,TRAJ28,CAMRERPSGAGSYQLTF,1,0,1,1
TRAV14DV4,TRAJ24,RAMRGALTTDSWGKLQF,1,0,1,1
TRAV10,TRAJ32,CVVSWNYGGATNKLIF,1,0,1,1
TRAV38-2DV8,TRAJ42,CAYRSYGGGSQGNLIF,1,0,1,1
TRAV9-2,TRAJ52,CALNNAGGTSYGKLTF,1,0,1,1
TRAV41,TRAJ42,CAVRYWDGGSQGNLIF,1,0,1,1
TRAV2,TRAJ37,CAVEDLWSSNTGKLIF,2,0,1,2
TRAV8-3,TRAJ53,CAAGAGSGGSNYKLTF,1,0,1,1
TRAV23DV6,TRAJ42,CAATGAIGGSQGNLIF,2,0,1,2
TRAV12-3,TRAJ28,CAMIAYSGAGSYQLTF,1,0,1,1
TRAV12-3,TRAJ18,CAMSSDRGSTLGRLYF,1,0,1,1
TRAV12-3,TRAJ38,CAMSAGNAGNNRKLIW,1,0,1,1
TRAV14DV4,TRAJ27,CAMREGFGTNAGKSTF,1,0,1,1
TRAV4,TRAJ22,CLVASISSGSARQQTF,1,0,1,1
TRAV4,TRAJ27,CLVGDMEGANAGKSTF,1,0,1,1
TRAV26-1,TRAJ41,CIVRDSNSNSGYALNF,1,0,1,1
TRAV12-1,TRAJ30,CVVNGGLDRDDKIIF,1,0,1,1
TRAV12-1,TRAJ24,CVVNKRADSWGKLQF,1,0,1,1
TRAV38-2DV8,TRAJ45,CAYMYSGGGADGLTF,1,0,1,1
TRAV9-2,TRAJ6,CALMGGPGGSYIPTF,1,0,1,1
TRAV9-2,TRAJ53,CALSGTGGSNYKLTF,1,0,1,1
TRAV16,TRAJ11,CALSGGSRGYSTLTF,1,0,1,1
TRAV20,TRAJ37,CAVQAVSSNTGKLIF,1,0,1,1
TRAV20,TRAJ56,CAVQGYTGANSKLTF,1,0,1,1
TRAV36DV7,TRAJ42,CAVDHYGGSQGNLIF,1,0,1,1
TRAV36DV7,TRAJ37,CAVEPVTSNTGKLIF,1,0,1,1
TRAV36DV7,TRAJ45,CAVEGLGGGADGLTF,1,0,1,1
TRAV23DV6,TRAJ45,CAVRPSGGGADGLTF,1,0,1,1
TRAV3,TRAJ47,CAVRDLMEYGNKLVF,1,0,1,1
TRAV17,TRAJ18,CATGDRGSTLGRLYF,1,0,1,1
TRAV24,TRAJ44,CASRDDTGTASKLTF,1,0,1,1
TRAV12-2,TRAJ6,CAVKGPSGGSYIPTF,1,0,1,1
TRAV17,TRAJ45,CATDDSGGGADGLTF,2,0,1,2
TRAV13-1,TRAJ10,CAASLVTGGGNKLTF,1,0,1,1
TRAV23DV6,TRAJ42,CAASNYGGSQGNLIF,1,0,1,1
TRAV29DV5,TRAJ53,CAARGSGGSNYKLTF,1,0,1,1
TRAV25,TRAJ48,CAGPGSNFGNEKLTF,1,0,1,1
TRAV14DV4,TRAJ6,CAMTGETGGSYIPTF,1,0,1,1
TRAV14DV4,TRAJ5,CAMRDPWGGRRALTF,1,0,1,1
TRAV14DV4,TRAJ23,CAMRDDYNQGGKLIF,1,0,1,1
TRAV4,TRAJ9,CLVGGLGTGGFKTIF,1,0,1,1
TRAV8-3,TRAJ36,CVVGARTGANNLFF,1,0,1,1
TRAV10,TRAJ42,CVVRNRGSQGNLIF,1,0,1,1
TRAV12-1,TRAJ8,CVVKKGTGFQKLVF,1,0,1,1
TRAV38-1,TRAJ57,CAFMKRSGSEKLVF,1,0,1,1
TRAV38-2DV8,TRAJ29,CAYRSLSGNTPLVF,1,0,1,1
TRAV9-2,TRAJ42,CALTGGGSQGNLIF,1,0,1,1
TRAV12-2,TRAJ57,CAVPSQGGSEKLVF,1,0,1,1
TRAV12-2,TRAJ37,CAVPGSSNTGKLIF,1,0,1,1
TRAV2,TRAJ13,CAVVPSGGYQKVTF,1,0,1,1
TRAV8-3,TRAJ10,CAVVGTGGGNKLTF,1,0,1,1
TRAV8-3,TRAJ21,CAVAPGHNFNKFYF,1,0,1,1
TRAV21,TRAJ24,CAVASTDSWGKLQF,1,0,1,1
TRAV8-3,TRAJ22,CAVGAPPPARQLTF,2,0,1,2
TRAV8-3,TRAJ45,CAVGRGGGADGLTF,1,0,1,1
TRAV2,TRAJ37,CAVEGSSNTGKLIF,1,0,1,1
TRAV3,TRAJ35,CAVRDPGFGNVLHC,2,0,1,2
TRAV3,TRAJ40,CAVRDTPGTYKYIF,1,0,1,1
TRAV41,TRAJ45,CAVPRGGGADGLTF,1,0,1,1
TRAV17,TRAJ56,CATDLRGANSKLTF,1,0,1,1
TRAV17,TRAJ33,CATDAPDSNYQLIW,1,0,1,1
TRAV23DV6,TRAJ45,CAPPVGGGADGLTF,2,0,1,2
TRAV13-1,TRAJ21,CAASGVDNFNKFYF,1,0,1,1
TRAV13-1,TRAJ8,CAASENTGFQKLVF,1,0,1,1
TRAV13-1,TRAJ34,CAASIGRNTDKLIF,1,0,1,1
TRAV13-1,TRAJ15,CAASTEQAGTALIF,1,0,1,1
TRAV13-1,TRAJ43,CAASKPQNNNDMRF,1,0,1,1
TRAV29DV5,TRAJ45,CAASESGGADGLTF,1,0,1,1
TRAV29DV5,TRAJ54,CAARGSQGAQKLVF,1,0,1,1
TRAV13-2,TRAJ24,CAENKVNSWGKLQF,1,0,1,1
TRAV5,TRAJ37,CAEKVTSNTGKLIF,1,0,1,1
TRAV12-3,TRAJ37,CAMKEGSNTGKLIF,1,0,1,1
TRAV4,TRAJ30,CLVGDSNRDDKIIF,1,0,1,1
TRAV12-1,TRAJ9,CVVDPTGGFKTIF,1,0,1,1
TRAV12-1,TRAJ26,CVAVDNYGQNFVF,1,0,1,1
TRAV38-2DV8,TRAJ56,CAYTRGANSKLTF,1,0,1,1
TRAV6,TRAJ9,CALTDTGGFKTIF,1,0,1,1
TRAV16,TRAJ5,CALSDPGRRALTF,2,0,1,2
TRAV8-4,TRAJ49,CAVSTNTGNQFYF,1,0,1,1
TRAV29DV5,TRAJ29,CAARNSGNTPLVF,1,0,1,1
TRAV22,TRAJ22,CAGGSGSARQLTF,1,0,1,1
TRAV17,TRAJ53,CATVGGSNYKLTF,1,0,1,1
TRAV38-2DV8,TRAJ54,CASRTAGAQKLVF,1,0,1,1
TRAV23DV6,TRAJ6,CASTSGGSYIPTF,1,0,1,1
TRAV12-2,TRAJ24,CAVPTDSWGKLQF,1,0,1,1
TRAV12-2,TRAJ7,CAVRMDGNNRLAF,1,0,1,1
TRAV23DV6,TRAJ56,CAILRGANSKLTF,1,0,1,1
TRAV13-1,TRAJ13,CAVTFGGYQKVTF,1,0,1,1
TRAV13-1,TRAJ11,CAASIGGYSTLTF,1,0,1,1
TRAV13-1,TRAJ6,CAASKGGSYIPTF,1,0,1,1
TRAV23DV6,TRAJ29,CAARGGLGTPLVF,1,0,1,1
TRAV27,TRAJ5,CAGQDTGRRALTF,1,0,1,1
TRAV25,TRAJ20,CAGRPGDDYKLSF,1,0,1,1
TRAV27,TRAJ52,CAGGGTSYGKLTF,1,0,1,1
TRAV5,TRAJ40,CAEIPGGTYKYIF,1,0,1,1
TRAV12-3,TRAJ4,CAMSSGGYNKLIF,1,0,1,1
TRAV12-3,TRAJ20,CAMSKTNDYKLSF,1,0,1,1
TRAV14DV4,TRAJ20,CAMRLVSDYKLSF,1,0,1,1
TRAV26-1,TRAJ26,CIVRVNYGQNFVF,1,0,1,1
TRAV6,TRAJ40,CALDGGTYKYIF,1,0,1,1
TRAV16,TRAJ53,CALTGSNYKLTF,1,0,1,1
TRAV8-3,TRAJ43,CAVGAGNNDMRF,1,0,1,1
TRAV36DV7,TRAJ33,CAVKDSNYQLIW,1,0,1,1
TRAV17,TRAJ12,CATDSSSYKLIF,1,0,1,1
TRAV8-6,TRAJ48,CASNFGNEKLTF,1,0,1,1
TRAV12-2,TRAJ42,CAPGRSQGNLIF,1,0,1,1
TRAV13-1,TRAJ16,CAATLNGQKLLF,1,1,2,2
TRAV13-1,TRAJ49,CAASYTGNQFYF,1,0,1,1
TRAV29DV5,TRAJ34,CAASYNTDKLIF,1,0,1,1
TRAV13-1,TRAJ29,CAARPLNTPLVF,1,0,1,1
TRAV27,TRAJ58,CAGGTSGSRLTF,1,0,1,1
TRAV13-2,TRAJ30,CAENTPDDKIIF,1,0,1,1
TRAV12-3,TRAJ31,CAMSFNNARLMF,1,0,1,1
TRAV14DV4,TRAJ43,CAMRESGNDMRF,1,0,1,1
TRAV8-3,TRAJ16,CAPCRGQKLLF,1,0,1,1
TRAV41,TRAJ34,CAVDGTDKLIF,1,0,1,1
TRAV2,TRAJ11,CAVSEYSTLTF,1,0,1,1
TRAV12-2,TRAJ49,CAVAFGNQFYF,1,0,1,1
TRAV26-2,TRAJ26,CILAYGQNFVF,1,0,1,1
TRAV38-2DV8,TRAJ49,CAQTGNQFYF,1,0,1,1
TRAV16,TRAJ31,RPIIARLMF,1,0,1,1
TRAV8-2,TRAJ43,VFCNNDMRF,1,0,1,1
TRAV24,TRAJ27,CAFDNTNAGKSTF,1,0,1,1
TRAV13-2,TRAJ45,CAERSGGGADGLTF,1,0,1,1
TRAV12-2,TRAJ52,CAVNNDLDAGGTSYGKLTF,1,0,1,1
TRAV12-1,TRAJ42,CVVISWGNYGGSQGNLIF,1,0,1,1
TRAV38-2DV8,TRAJ53,CAYRTESNSGGSNYKLTF,1,0,1,1
TRAV38-2DV8,TRAJ44,CAYRSAHAYTGTASKLTF,1,0,1,1
TRAV12-1,TRAJ39,CVVNRGALDNAGNMLTF,1,0,1,1
TRAV38-1,TRAJ42,CAFRVLNYGGSQGNLIF,1,0,1,1
TRAV19,TRAJ42,CALSEEYYGGSQGNLIF,1,0,1,1
TRAV8-3,TRAJ29,CAGFPRYRNSGNTPLVF,1,0,1,1
TRAV12-2,TRAJ52,CAVTAGAGGTSYGKLTF,1,0,1,1
TRAV13-2,TRAJ18,CAETAPDRGSTLGRLYF,1,0,1,1
TRAV12-3,TRAJ4,CAMSEGGFSGGYNKLIF,1,0,1,1
TRAV34,TRAJ42,CGAAKLNYGGGQGNLIF,1,0,1,1
TRAV38-2DV8,TRAJ32,CAYRSVYGGATNKLIF,1,0,1,1
TRAV8-3,TRAJ10,CAVGDILTGGGNKLTF,1,0,1,1
TRAV8-3,TRAJ13,CAVGDFDSGGYQKVTF,1,0,1,1
TRAV21,TRAJ22,CAVRSISSGSARQLTY,1,0,1,1
TRAV3,TRAJ37,CAVRDPTTSNTGKLIF,1,0,1,1
TRAV3,TRAJ42,CAVRDRYGGSQGNLIF,1,0,1,1
TRAV24,TRAJ42,CAQTLYYGGSQGNLIF,1,0,1,1
TRAV39,TRAJ52,CAVDGAGGTSYGKLTF,1,0,1,1
TRAV39,TRAJ18,CAVDRGEGSTLGRLYF,1,0,1,1
TRAV29DV5,TRAJ18,CAASVERGSTLGRLYF,1,0,1,1
TRAV29DV5,TRAJ13,CAASAFGSGGYQKVTF,1,0,1,1
TRAV12-3,TRAJ57,CAMGLITQGGSEKLVF,1,0,1,1
TRAV14DV4,TRAJ38,CAMRGLNAGNNRKLIW,1,0,1,1
TRAV14DV4,TRAJ49,CAMREGSTNTGNQFYF,1,0,1,1
TRAV4,TRAJ37,CLVGEGGSSNTGKLIF,1,0,1,1
TRAV30,TRAJ37,CGTEDLSSSNTGKLIF,2,0,1,2
TRAV26-2,TRAJ26,CILSLRPDNYGQNFVF,1,0,1,1
TRAV26-1,TRAJ44,CIVRSKPTGTASKLTF,1,0,1,1
TRAV26-1,TRAJ53,CIVRVVGGGSNYKLTF,1,0,1,1
TRAV12-1,TRAJ9,CVVNSPNTGGFKTIF,1,0,1,1
TRAV17,TRAJ6,CAFYISSGGSYIPTF,1,0,1,1
TRAV38-2DV8,TRAJ39,CAYRSANNAGNMLTF,1,0,1,1
TRAV38-2DV8,TRAJ22,CAYRSFSGSARQLTF,1,0,1,1
TRAV9-2,TRAJ9,CALSDPDTVGFKTIF,1,0,1,1
TRAV9-2,TRAJ23,CALSGPGGQGGKLIF,1,0,1,1
TRAV16,TRAJ37,CALREGSSNTGKLIF,1,0,1,1
TRAV2,TRAJ42,CAVEASGGSQGNLIF,1,0,1,1
TRAV2,TRAJ34,CAVEDRGGNTDKLIF,1,0,1,1
TRAV3,TRAJ29,CAVSPGDSGNTPLVF,1,0,1,1
TRAV8-6,TRAJ13,CAVSDIVGGYQKVTF,1,0,1,1
TRAV3,TRAJ44,CAVRGVTGTASKLTF,1,0,1,1
TRAV3,TRAJ40,CAVRDIRFGTYKYIF,1,0,1,1
TRAV20,TRAJ45,CAAGLSGGGADGLTF,1,0,1,1
TRAV17,TRAJ45,CATASLGGGADGLTF,1,0,1,1
TRAV39,TRAJ58,CAVASESTSGSRLTF,2,0,1,2
TRAV12-2,TRAJ10,CAADVLTGGGNKLTF,1,0,1,1
TRAV12-2,TRAJ5,CAEGGMDTGRRALTF,1,0,1,1
TRAV23DV6,TRAJ37,CAPLGSTGNTGKLIF,1,0,1,1
TRAV27,TRAJ37,CAVYDGSSNTGKLIF,1,0,1,1
TRAV27,TRAJ48,CAVEIWDFGNEKLTF,1,0,1,1
TRAV13-1,TRAJ4,CAAASFSGGYNKLIF,1,0,1,1
TRAV13-1,TRAJ18,CAASIEGSTLGRLYF,1,0,1,1
TRAV13-1,TRAJ4,CAASTRGSGYNKLIF,1,0,1,1
TRAV13-1,TRAJ42,CAASDHGGSQGNLIF,1,0,1,1
TRAV23DV6,TRAJ10,CAASMSSGGGNKLTF,1,0,1,1
TRAV27,TRAJ42,CAGALYGGSQGNLIF,1,0,1,1
TRAV13-2,TRAJ45,CAENMLKGGADGLTF,1,0,1,1
TRAV12-3,TRAJ52,CAMNAGGTSYGKLTF,1,0,1,1
TRAV30,TRAJ24,CGTDVTTDSWGKLQF,1,0,1,1
TRAV26-2,TRAJ9,CILRAAHTGGFKTIF,1,0,1,1
TRAV26-1,TRAJ39,CIVRSGRNAGNMLTF,1,0,1,1
TRAV26-1,TRAJ37,CIVRVGSSNTGKLIF,1,0,1,1
TRAV26-1,TRAJ30,CIVRVDENRDDKIIF,1,0,1,1
TRAV26-1,TRAJ49,CIVRVTSNTGNQFYF,1,0,1,1
TRAV12-1,TRAJ3,CVVTLYSSASKIIF,1,0,1,1
TRAV10,TRAJ40,CVVTDTSGTYKYIF,1,0,1,1
TRAV12-1,TRAJ22,CVVTPSGSARQLTF,1,0,1,1
TRAV38-1,TRAJ39,CAFILNNAGNMLTF,1,0,1,1
TRAV38-1,TRAJ45,CAFSGGGGADGLTF,1,0,1,1
TRAV9-2,TRAJ6,CALSGAGGSYIPTF,1,0,1,1
TRAV9-2,TRAJ42,CALVYGGSQGNLIF,1,0,1,1
TRAV19,TRAJ54,CALSEVQGAQKLVF,1,0,1,1
TRAV9-2,TRAJ50,CALRMKTSYDKVIF,1,0,1,1
TRAV9-2,TRAJ41,CALNASNSGYALNF,1,0,1,1
TRAV16,TRAJ27,CALRRSSNAGKSTF,1,0,1,1
TRAV20,TRAJ49,CAVQASNTGNQFYF,1,0,1,1
TRAV20,TRAJ28,CAVQAWAGSYQLTF,2,0,1,2
TRAV12-2,TRAJ44,CAVGYTGTASKLTF,1,0,1,1
TRAV8-3,TRAJ13,CAVDFSGGYQKVTF,1,0,1,1
TRAV2,TRAJ21,CAVEGPYNFNKSYF,1,0,1,1
TRAV2,TRAJ26,CAVEDNNYGQNFVF,1,0,1,1
TRAV8-4,TRAJ34,CAVSASYNTDKLIF,1,0,1,1
TRAV3,TRAJ27,CAVRDKTNAGKSTF,1,0,1,1
TRAV35,TRAJ54,CAGATVQGAQKLVF,1,0,1,1
TRAV16,TRAJ21,CAIRRPYNFNKFYF,1,0,1,1
TRAV12-2,TRAJ22,CAVIDSGSARQLTF,1,0,1,1
TRAV8-1,TRAJ38,CAVTNAGNNRKLIW,1,0,1,1
TRAV8-1,TRAJ39,CAVNARNAGNMLTF,1,0,1,1
TRAV12-2,TRAJ31,CAVNIGVNNARLMF,1,0,1,1
TRAV12-2,TRAJ5,CAAEGPTGRRALTF,1,0,1,1
TRAV12-2,TRAJ37,CAAGRSSNTGKLIF,1,0,1,1
TRAV13-2,TRAJ37,CAVHAESNTGKLIF,1,0,1,1
TRAV13-1,TRAJ17,CAAMIKAAGNKLTF,1,0,1,1
TRAV23DV6,TRAJ21,CAAQGSYNFNKFYF,1,0,1,1
TRAV13-1,TRAJ31,CAATVRGNNARLMF,1,0,1,1
TRAV13-1,TRAJ48,CAASTDFGNEKLTF,1,0,1,1
TRAV29DV5,TRAJ28,CAASAGAGSYQLTF,1,0,1,1
TRAV23DV6,TRAJ32,CAASKGGATDKLIF,1,0,1,1
TRAV13-1,TRAJ20,CAAKSPGNDYKLSF,1,0,1,1
TRAV29DV5,TRAJ56,CAAKRTGANSKLTF,1,0,1,1
TRAV13-2,TRAJ17,CAEDKGAAGNKLTF,1,0,1,1
TRAV13-2,TRAJ47,CAENRMEYGNKLVF,1,0,1,1
TRAV13-2,TRAJ22,CAEKTSGSARQLTF,1,0,1,1
TRAV12-3,TRAJ52,CAMNGGTSYGKLTF,1,0,1,1
TRAV34,TRAJ57,CGADRGGGSEKLVF,1,0,1,1
TRAV4,TRAJ27,CLVGELTNAGKSTF,1,0,1,1
TRAV26-1,TRAJ44,CIVSPTGTASKLTF,1,0,1,1
TRAV26-1,TRAJ20,CIVSHGRDDYKLSF,1,0,1,1
TRAV26-1,TRAJ58,CIVRVGTSGSRLTF,1,0,1,1
TRAV26-1,TRAJ33,CIVRVRDSNYQLIW,1,0,1,1
TRAV9-2,TRAJ38,CSLEVGNNRKLIW,1,0,1,1
TRAV12-2,TRAJ44,CVFYTGTASKLTF,1,0,1,1
TRAV12-1,TRAJ12,CVVPMDSSYKLIF,1,0,1,1
TRAV12-1,TRAJ8,CVGVNTGFQKLVF,1,0,1,1
TRAV38-1,TRAJ44,CAFRAGTASKLTF,1,0,1,1
TRAV22,TRAJ57,CALGQGGSEKLVF,1,0,1,1
TRAV9-2,TRAJ4,CALFSGGYNKLIF,1,0,1,1
TRAV9-2,TRAJ29,CALYRPGNTPLVF,1,0,1,1
TRAV9-2,TRAJ49,CALSEGTGNQFYF,1,0,1,1
TRAV16,TRAJ34,CALSDYNTDKLIF,1,0,1,1
TRAV19,TRAJ16,CARVLRDGQKLLF,2,0,1,2
TRAV20,TRAJ27,CAVHNTNAGKSTF,1,0,1,1
TRAV20,TRAJ36,CAVRQTGANNLFF,1,0,1,1
TRAV2,TRAJ9,CAVADTGGFKTIS,1,0,1,1
TRAV8-3,TRAJ7,CAVGARGNNRLAF,1,0,1,1
TRAV21,TRAJ6,CAVRTGGSYIPTF,1,0,1,1
TRAV3,TRAJ40,CAVRASGTYKYIF,1,0,1,1
TRAV17,TRAJ44,CATDSGTASKLTF,1,0,1,1
TRAV17,TRAJ6,CATDAGGSYIPTF,1,0,1,1
TRAV17,TRAJ38,CALEAGNNRKLIW,1,0,1,1
TRAV12-2,TRAJ17,CARSKAAGNKLTF,1,0,1,1
TRAV13-1,TRAJ6,CAVGGGGSYIPTF,1,0,1,1
TRAV12-2,TRAJ15,CAVRAQAGTALIF,1,0,1,1
TRAV12-2,TRAJ32,CAPTGGATNKLIF,1,0,1,1
TRAV23DV6,TRAJ13,CAATAGGYQKVTF,1,0,1,1
TRAV13-1,TRAJ26,CAASYNYGQNFVF,1,0,1,1
TRAV13-1,TRAJ50,CAASETSYDKVIF,1,0,1,1
TRAV13-1,TRAJ7,CAASRRGNNRLAF,1,1,2,2
TRAV27,TRAJ29,CAGFFSGNTPLVF,1,0,1,1
TRAV25,TRAJ6,CAGASGGSYIPTF,1,0,1,1
TRAV13-2,TRAJ23,CADFYNQGGKLIF,1,0,1,1
TRAV13-2,TRAJ6,CAENKRGSYIPTF,1,0,1,1
TRAV12-3,TRAJ3,CAMGGSSASKIIF,1,0,1,1
TRAV12-3,TRAJ11,CAMSPLGYSTLTF,1,0,1,1
TRAV14DV4,TRAJ54,CAMREYGAQKLVF,1,0,1,1
TRAV14DV4,TRAJ43,CAMREGSIGDMRF,1,0,1,1
TRAV35,TRAJ49,CTGALNTGNQFYF,1,0,1,1
TRAV26-2,TRAJ54,CILGHQGAQKLVF,1,0,1,1
TRAV27,TRAJ41,CVDSNSGYALNF,1,0,1,1
TRAV38-2DV8,TRAJ43,CAYRGDNNDMRF,1,0,1,1
TRAV38-2DV8,TRAJ33,CAYKWSNYQLIW,1,0,1,1
TRAV9-2,TRAJ28,CALRAGSYQLTF,1,0,1,1
TRAV16,TRAJ15,CALNQAGTALIF,1,0,1,1
TRAV9-2,TRAJ10,CALKGGGNKLTF,1,0,1,1
TRAV41,TRAJ34,CAPLYNTDKLIF,1,0,1,1
TRAV8-3,TRAJ16,CAVVWGGQKLLF,1,0,1,1
TRAV21,TRAJ50,CAVETSYDKVIF,1,0,1,1
TRAV3,TRAJ29,CAVRDSNTPLVF,1,0,1,1
TRAV35,TRAJ29,CAGQSRNTPLVF,1,0,1,1
TRAV36DV7,TRAJ54,CAGTSTAQKLVF,1,0,1,1
TRAV2,TRAJ26,CAEENYGQNFVF,1,0,1,1
TRAV8-3,TRAJ3,CAPYSSASKIIF,1,0,1,1
TRAV25,TRAJ49,CAAQLTGNQFYF,1,0,1,1
TRAV13-1,TRAJ26,CAASNYGQNFVF,1,0,1,1
TRAV27,TRAJ43,CAGGFYRNDMRF,1,0,1,1
TRAV14DV4,TRAJ33,CAMRGDNYQLIW,1,0,1,1
TRAV14DV4,TRAJ36,CAMKTGANNLFF,1,0,1,1
TRAV12-1,TRAJ24,CGETDSWGKLQF,1,0,1,1
TRAV26-2,TRAJ40,CIPTSGTYKYIF,1,0,1,1
TRAV26-1,TRAJ58,CIVRVALSRLTF,1,0,1,1
TRAV14DV4,TRAJ40,LRCSGTYKYIF,1,0,1,1
TRAV12-1,TRAJ20,CVVTNDYKLSF,1,0,1,1
TRAV38-2DV8,TRAJ49,CAYRTGNQFYF,1,0,1,1
TRAV35,TRAJ24,CAGQLVGKLQF,1,0,1,1
TRAV25,TRAJ21,CAVYNFNKFYF,1,0,1,1
TRAV14DV4,TRAJ49,CAMSPRHQFYF,1,0,1,1
TRAV13-2,TRAJ21,CRLYNFNKFYF,1,0,1,1
TRAV23DV6,TRAJ43,CAAGPGDDMRF,1,0,1,1
TRAV12-2,TRAJ45,CARGADGLTF,1,0,1,1
TRAV22,TRAJ6,YTPGSYIPTF,1,0,1,1
TRAV16,TRAJ9,CALCFKTIF,1,0,1,1
TRAV36DV7,TRAJ43,CAVGNDMRF,1,0,1,1
TRAV13-2,TRAJ43,CAENPNMRF,1,0,1,1
TRAV12-1,TRAJ24,CVVNIRRTTDSWGKLQF,1,0,1,1
TRAV13-2,TRAJ53,CAEKGWKSGGSNYKLTF,1,0,1,1
TRAV3,TRAJ17,CAVRAMIKAAGNKLTF,1,0,1,1
TRAV8-2,TRAJ13,CVVSDRSGGYQKVTF,1,0,1,1
TRAV12-1,TRAJ43,CVVIGGTHNNNDMRF,1,0,1,1
TRAV24,TRAJ38,CAFNAGNDRKLIW,1,0,1,1
TRAV13-1,TRAJ37,CAASRSNTGKLIF,1,0,1,1
TRAV23DV6,TRAJ49,CAAIETGNQFYF,1,0,1,1
TRAV21,TRAJ27,CAVEAGKSTF,1,0,1,1
TRAV13-1,TRAJ41,CAARSNSGYALNF,1,0,1,1
TRAV17,TRAJ52,CATDGWSRAGGTSYGKLTF,1,0,1,1
TRAV12-1,TRAJ52,CVVNRDAGGTSYGKLTF,1,0,1,1
TRAV38-2DV8,TRAJ28,CAYRVLYSGAGSYQLTF,1,0,1,1
TRAV38-2DV8,TRAJ40,CAYRSPPHTSGTYKYIF,1,0,1,1
TRAV38-1,TRAJ42,CALRVLNCGGSQGNLIF,1,0,1,1
TRAV17,TRAJ52,CAPLNNAGGTSYGKLTF,1,0,1,1
TRAV20,TRAJ28,CAVQPAYSGAGSYQLTF,1,0,1,1
TRAV20,TRAJ12,CAVQASVWMDSSYKLIF,1,0,1,1
TRAV17,TRAJ45,CATDRSNSGGGADGLTF,1,0,1,1
TRAV13-1,TRAJ48,CAASPRGLNFGNEKLTS,1,0,1,1
TRAV26-1,TRAJ48,CIVRVVPSNFGNEKLTF,1,0,1,1
TRAV38-2DV8,TRAJ40,RAYRSPPHTSGTYKYIF,1,0,1,1
TRAV13-1,TRAJ18,RAASRRGRGSTLGRLYF,1,0,1,1
TRAV12-1,TRAJ5,CVVIGDRGTGGRALTF,1,0,1,1
TRAV12-1,TRAJ45,CVVNGGSGGGADGLTF,1,0,1,1
TRAV12-1,TRAJ22,CVVKTMTSGSARQLTF,1,0,1,1
TRAV9-2,TRAJ57,CALRALVGGGSEKLVF,1,0,1,1
TRAV9-2,TRAJ37,CALSDLEGSNTGKLIF,1,0,1,1
TRAV19,TRAJ24,CALSEVTTDSWGKLQF,1,0,1,1
TRAV19,TRAJ41,CALSETNSNSGYALNF,1,0,1,1
TRAV16,TRAJ6,CALKVPPSGGSYIPTF,1,0,1,1
TRAV12-2,TRAJ18,CAVSSDRGSTLGRLYF,1,0,1,1
TRAV20,TRAJ42,CAVQASYGGSQGNLIF,1,0,1,1
TRAV22,TRAJ32,CAVGSRYGGATNKLIF,1,0,1,1
TRAV8-3,TRAJ42,CAVGARYGGSQGNLIF,1,0,1,1
TRAV8-3,TRAJ45,CAVGDYSGGGADGLTF,1,0,1,1
TRAV3,TRAJ6,CAVSPDETGGSYIPTF,1,0,1,1
TRAV3,TRAJ17,CAVRDIFKAAGNKLTF,2,0,1,2
TRAV17,TRAJ22,CATGSISSGSARQLTF,1,0,1,1
TRAV12-2,TRAJ18,CAVNMYRGSTLGRLYF,1,0,1,1
TRAV8-1,TRAJ38,CAVNNPMPGNNRKLIW,1,0,1,1
TRAV29DV5,TRAJ53,CAASEGSGGSNYKLTF,1,0,1,1
TRAV14DV4,TRAJ57,CAMREASQGGSEKLVF,1,0,1,1
TRAV14DV4,TRAJ41,CAMREGERGSGYALNF,1,0,1,1
TRAV14DV4,TRAJ27,CAMREGYNTNAGKSTF,1,0,1,1
TRAV12-1,TRAJ27,CVVNPGGTNAGKSTF,1,0,1,1
TRAV12-1,TRAJ44,CVVNADTGTASKLTF,1,0,1,1
TRAV12-1,TRAJ47,CVVNTFMEYGNKLVF,1,0,1,1
TRAV12-1,TRAJ15,CVVKVWGQAGTALIF,1,0,1,1
TRAV38-1,TRAJ53,CAFLGVRGSNYKLTF,1,0,1,1
TRAV41,TRAJ57,CACRGRQGGSEKLVF,1,0,1,1
TRAV38-2DV8,TRAJ56,CAYRTKTGANSKLTF,1,0,1,1
TRAV16,TRAJ13,CALSGTSGGYQKVTF,1,0,1,1
TRAV9-2,TRAJ39,CALSDLANAGNMLTF,1,0,1,1
TRAV9-2,TRAJ45,CALSDRGGGADGLTF,1,0,1,1
TRAV9-2,TRAJ57,CALSDVRGGSEKLVF,1,0,1,1
TRAV19,TRAJ37,CALSEVTSNTGKLIF,1,0,1,1
TRAV9-2,TRAJ13,CALSRTSGGYQRVTF,1,0,1,1
TRAV16,TRAJ48,CALNDLNFGNEKLTF,1,0,1,1
TRAV20,TRAJ52,CAVDAGGTSYGKLTF,1,0,1,1
TRAV2,TRAJ42,CAVSSYGGSQGNLIF,1,0,1,1
TRAV20,TRAJ45,CAVLRSGGGADGLTF,1,0,1,1
TRAV20,TRAJ53,CAVHPSGGSNYKLTF,1,0,1,1
TRAV20,TRAJ4,CAVQVFSGGYNKLIF,1,0,1,1
TRAV8-3,TRAJ8,CAVGRMNTGFQKLVF,1,0,1,1
TRAV2,TRAJ29,CAVEDLYSGNTPLVF,1,0,1,1
TRAV8-3,TRAJ42,CAVENYGGSQGNLIF,1,0,1,1
TRAV8-6,TRAJ28,CAVSSSGAGSYQLTF,1,0,1,1
TRAV8-4,TRAJ44,CAVSDRAGTASKLTF,1,0,1,1
TRAV2,TRAJ42,CAVRDYGGSQGNLIF,1,0,1,1
TRAV3,TRAJ8,CAVRLVNTGFQKLVF,1,0,1,1
TRAV3,TRAJ6,CAVRDWPGGSYIPTF,1,0,1,1
TRAV3,TRAJ49,CAVRDLTNTGNQFYF,1,0,1,1
TRAV35,TRAJ38,CAGRPYAGNNRKLIW,1,0,1,1
TRAV17,TRAJ58,CATDARESSGSRLTF,1,0,1,1
TRAV17,TRAJ36,CATDDVETGANNLFF,1,0,1,1
TRAV24,TRAJ57,CAFSKTQGGSEKLVF,1,0,1,1
TRAV12-2,TRAJ52,CAVVGGGTSYGKLTF,1,0,1,1
TRAV13-1,TRAJ45,CAPSPPGGGADGLTF,1,0,1,1
TRAV23DV6,TRAJ53,CAATNSGGSNYKLTF,1,0,1,1
TRAV23DV6,TRAJ48,CAATGLGVGNEKLTL,1,0,1,1
TRAV23DV6,TRAJ57,CAARVRPGGSEKLVF,1,0,1,1
TRAV27,TRAJ27,CAGARGNTNAGKSTF,1,0,1,1
TRAV12-3,TRAJ48,CAMMGLEFGNEKLTF,1,0,1,1
TRAV12-3,TRAJ4,CAMSGVSGGYNKLIF,1,0,1,1
TRAV14DV4,TRAJ15,CAMSRLNQAGTALIF,1,0,1,1
TRAV14DV4,TRAJ23,CAMRGAYNQGGKLIF,1,0,1,1
TRAV14DV4,TRAJ26,CAMREGDNYGQNFVF,1,0,1,1
TRAV14DV4,TRAJ9,CAMREGDPGGFKTIF,1,0,1,1
TRAV26-2,TRAJ42,CILSRYGGSQGNLIF,1,0,1,1
TRAV26-2,TRAJ39,CILRDSNNAGNMLTF,1,0,1,1
TRAV26-1,TRAJ42,CIVLNYGGSQGNLIF,1,0,1,1
TRAV26-1,TRAJ39,CIVRVESNAGNMLTF,1,0,1,1
TRAV8-2,TRAJ16,CVVRRFSDGQKLLF,1,0,1,1
TRAV10,TRAJ39,CVVSDNNAGNMLTF,1,0,1,1
TRAV12-1,TRAJ39,CVVNPSNAGNMLTF,1,0,1,1
TRAV12-1,TRAJ27,CVVNTNTNAGKSTF,1,0,1,1
TRAV38-1,TRAJ57,CAFMKGGGSEKLVF,1,0,1,1
TRAV38-2DV8,TRAJ53,CAFNSGGSNYKLTF,1,0,1,1
TRAV38-2DV8,TRAJ48,CAYRSGFGNEKLTF,1,0,1,1
TRAV9-2,TRAJ21,CALSDRDNFNKFYF,1,0,1,1
TRAV9-2,TRAJ27,CALSDRTNAGKSTF,1,0,1,1
TRAV9-2,TRAJ42,CALSEGGSQGNLIF,1,0,1,1
TRAV8-3,TRAJ8,CAVSMNTGFQKLVF,1,0,1,1
TRAV20,TRAJ37,CAVHGSSNTGKLIF,1,0,1,1
TRAV20,TRAJ38,CAVHGAGNNRKLIW,1,0,1,1
TRAV20,TRAJ40,CAVQRGSGTYKYIF,1,0,1,1
TRAV8-3,TRAJ16,CAVGAGSDGQKLLF,1,0,1,1
TRAV3,TRAJ40,CAVSPTSGAYKYIF,1,0,1,1
TRAV3,TRAJ41,CAVRSSNSGYALNF,1,0,1,1
TRAV3,TRAJ36,CAVRDKTGANNLFF,1,0,1,1
TRAV12-2,TRAJ15,CAVKVNQAGTALIF,1,0,1,1
TRAV12-2,TRAJ13,CAAPWSGGYQKVTF,1,0,1,1
TRAV2,TRAJ28,CAAYSGAGSYQLTF,1,0,1,1
TRAV35,TRAJ53,CAGRGGGSNYKLTF,1,0,1,1
TRAV35,TRAJ40,CAGQPTSGTYKYIF,1,0,1,1
TRAV17,TRAJ22,CATDAGGSARQLTF,1,0,1,1
TRAV12-2,TRAJ15,CAVQDYQAGTALIF,1,0,1,1
TRAV12-2,TRAJ10,CAVILTGGGNKLTF,1,0,1,1
TRAV12-2,TRAJ37,CAVNNWGNTGKLIF,1,2,2,3
TRAV13-1,TRAJ10,CAASPTGGGNKLTF,1,0,1,1
TRAV23DV6,TRAJ57,CAASFQGGSEKLVF,1,0,1,1
TRAV23DV6,TRAJ30,CAASQMNRDDKIIF,1,0,1,1
TRAV13-1,TRAJ22,CAARVSGSARQLTF,1,0,1,1
TRAV29DV5,TRAJ24,CAATRRDSWGKLQF,1,0,1,1
TRAV13-1,TRAJ44,CAASYTGTTSKLTF,1,0,1,1
TRAV13-1,TRAJ24,CAASKGDSWGKLQF,1,0,1,1
TRAV13-1,TRAJ21,CAASAEGNFNKFYF,1,0,1,1
TRAV13-1,TRAJ24,CAARSPGSWGKLQF,1,0,1,1
TRAV5,TRAJ7,CAESGRYGNNRLAF,1,0,1,1
TRAV13-2,TRAJ9,CAENWNAGGFKTIF,1,0,1,1
TRAV13-2,TRAJ54,CAENNGQGAQKLVF,1,0,1,1
TRAV14DV4,TRAJ48,CAMRGNFGNEKLTF,1,0,1,1
TRAV34,TRAJ48,CGADTDFGNEKLTF,1,0,1,1
TRAV4,TRAJ9,CLVGGNTGGFKTIF,1,0,1,1
TRAV4,TRAJ39,CLVGYNNAGNMLTF,1,0,1,1
TRAV30,TRAJ26,CGTEFRNYGQNFVF,1,0,1,1
TRAV30,TRAJ21,CGTEPEYNFNKFYF,1,0,1,1
TRAV26-2,TRAJ37,CILRAPSNTGKLIF,1,0,1,1
TRAV26-2,TRAJ11,CILRATSGYSTLTF,1,0,1,1
TRAV26-2,TRAJ43,CILRDSYNNNDMRF,1,0,1,1
TRAV26-2,TRAJ42,CILRDAGGQGNLIF,1,0,1,1
TRAV26-1,TRAJ54,CIVRVGREAQKLVF,1,0,1,1
TRAV12-1,TRAJ37,CVVSRGNTGKLIF,1,0,1,1
TRAV10,TRAJ39,CVVRRNAGNMLTF,1,0,1,1
TRAV12-1,TRAJ10,CVVNTGGGNKLTF,1,0,1,1
TRAV12-1,TRAJ15,CVVNNQAGTALIF,1,0,1,1
TRAV16,TRAJ58,CALLVAGGSRLTF,1,0,1,1
TRAV19,TRAJ56,CALGTGANSKLTF,1,0,1,1
TRAV9-2,TRAJ10,CALKAGGGNKLTF,1,0,1,1
TRAV6,TRAJ49,CALVSNTGNQFYF,1,0,1,1
TRAV21,TRAJ13,CAPNSGGYQKVTF,1,0,1,1
TRAV20,TRAJ57,CAVPQGGSEKLVF,1,0,1,1
TRAV2,TRAJ9,CAVLQTGGFKTIF,1,0,1,1
TRAV41,TRAJ49,CAVCWNTGNQFYF,1,0,1,1
TRAV36DV7,TRAJ43,CAVPRYNNNDMRF,1,0,1,1
TRAV21,TRAJ13,CAVPSGGYQKVTF,1,0,1,1
TRAV8-3,TRAJ13,CAVGAGGYQKVTF,1,0,1,1
TRAV8-6,TRAJ29,CAVRNSGNTPLVF,1,0,1,1
TRAV2,TRAJ33,CAVGEDSNYQLIW,1,0,1,1
TRAV21,TRAJ37,CAAPSSNTGKLIF,1,0,1,1
TRAV35,TRAJ43,CAGQLSNNNDMRF,1,0,1,1
TRAV17,TRAJ49,CATVANTGNQFYF,1,0,1,1
TRAV17,TRAJ22,CATGSGSARQLTF,1,0,1,1
TRAV17,TRAJ20,CATGEVGDYKPSF,1,0,1,1
TRAV17,TRAJ9,CATGNTGGFKTIF,1,0,1,1
TRAV17,TRAJ6,CATDAWGSYIPTF,1,0,1,1
TRAV17,TRAJ49,CATEAYTGNQFYF,1,0,1,1
TRAV17,TRAJ21,CATRGDNFNKFYF,1,0,1,1
TRAV8-3,TRAJ26,CASRDNYGQNFVF,1,0,1,1
TRAV27,TRAJ45,CASSGGGADGLTF,1,1,2,2
TRAV12-2,TRAJ3,CAVGGSSASKIIF,1,0,1,1
TRAV12-2,TRAJ34,CAVNAENTDKLIF,1,0,1,1
TRAV12-2,TRAJ40,CAVNGAGTYKYIF,1,0,1,1
TRAV12-2,TRAJ10,CAVKAGGGNKLTF,1,0,1,1
TRAV12-2,TRAJ9,CAAPNTGGFKTIF,1,0,1,1
TRAV12-3,TRAJ10,CAFRTGGGNKLTF,1,0,1,1
TRAV13-1,TRAJ37,CAACSSNTGKLIF,1,0,1,1
TRAV29DV5,TRAJ58,CAALETSGSRLTF,1,0,1,1
TRAV13-1,TRAJ34,CAAPDYNTDKLIF,1,0,1,1
TRAV25,TRAJ20,CAGRNGGDYKLSF,1,0,1,1
TRAV27,TRAJ57,CAGGEGGSEKLVF,1,0,1,1
TRAV27,TRAJ48,CAGMNFGNEKLTF,1,0,1,1
TRAV5,TRAJ37,CAETSSNTGKLIF,1,0,1,1
TRAV5,TRAJ36,CAESETGANDLFF,1,0,1,1
TRAV5,TRAJ13,CAENIRCYKKVTF,1,0,1,1
TRAV13-2,TRAJ20,CAEKSVNDYKLSF,1,0,1,1
TRAV12-3,TRAJ49,CAIPPNTGNQFYF,1,0,1,1
TRAV12-3,TRAJ42,CAMRLGSQGNLIF,1,0,1,1
TRAV27,TRAJ22,CATRAGSARQLTF,1,0,1,1
TRAV26-1,TRAJ49,CIVRVAPGNQFYF,1,0,1,1
TRAV26-1,TRAJ40,CIARDSGTYKYIF,1,0,1,1
TRAV12-1,TRAJ49,CVPGGTGNQFYF,1,0,1,1
TRAV17,TRAJ7,CVPTYGNNRLAF,1,0,1,1
TRAV38-1,TRAJ43,CAFGGNNNDMRF,1,0,1,1
TRAV6,TRAJ9,CALWSRGFKTIF,1,0,1,1
TRAV8-3,TRAJ42,CAPGGSQGNLIF,2,0,1,2
TRAV20,TRAJ43,CAVRFDNNDMRF,1,0,1,1
TRAV20,TRAJ39,CAVQDAGNMLTF,1,0,1,1
TRAV23DV6,TRAJ33,CAVTGSNYQLIW,1,0,1,1
TRAV8-4,TRAJ43,CAVSDPGGDAGF,1,0,1,1
TRAV41,TRAJ34,CAARPFDDKLIF,1,0,1,1
TRAV17,TRAJ45,CATGGGADGLTF,1,0,1,1
TRAV17,TRAJ43,CATGSNNNDMRF,1,0,1,1
TRAV14DV4,TRAJ37,CALGGNTGKLIF,1,0,1,1
TRAV12-2,TRAJ34,CAVTYNTDKLIF,1,0,1,1
TRAV39,TRAJ30,CAVDRQDDKIIF,1,0,1,1
TRAV13-1,TRAJ9,CAAGKGGFKTIF,1,0,1,1
TRAV13-1,TRAJ21,CAASIWFNKFYF,1,0,1,1
TRAV13-1,TRAJ26,CAASRSGQNFVF,1,0,1,1
TRAV29DV5,TRAJ49,CAASPTGNQFYF,1,0,1,1
TRAV29DV5,TRAJ49,CAGADTGNQFYF,1,0,1,1
TRAV13-2,TRAJ48,CAERYGNEKLTF,1,0,1,1
TRAV12-3,TRAJ34,CAMSVNTDKLIF,1,0,1,1
TRAV12-3,TRAJ27,CAINTNAGKSTF,1,0,1,1
TRAV12-3,TRAJ27,CATFGNTGKSTF,1,0,1,1
TRAV12-3,TRAJ49,CATTNTGNQFYF,1,0,1,1
TRAV12-3,TRAJ20,CATRSNDYKLSF,1,0,1,1
TRAV26-1,TRAJ39,CIVANAGNMLTF,1,0,1,1
TRAV2,TRAJ49,WAVGTTGNQFYF,1,0,1,1
TRAV9-2,TRAJ43,CALSDPGDMRF,1,0,1,1
TRAV41,TRAJ43,CAVSDNNDMRF,1,0,1,1
TRAV12-2,TRAJ31,CAVTSNARLMF,1,0,1,1
TRAV17,TRAJ15,CASQAGTALIF,1,0,1,1
TRAV12-2,TRAJ34,CAPRNTDKLIF,1,0,1,1
TRAV39,TRAJ26,CAVDPWQNFVF,1,0,1,1
TRAV12-2,TRAJ4,CAVNGYNKLIF,1,0,1,1
TRAV13-1,TRAJ43,CAVYNNNDMRF,1,1,2,2
TRAV29DV5,TRAJ49,CAADTGNQFYF,1,0,1,1
TRAV13-1,TRAJ17,CAGAAGNKLTF,1,0,1,1
TRAV25,TRAJ10,CAGTFYNKLTF,1,0,1,1
TRAV27,TRAJ43,CAGVDNNDMRF,1,0,1,1
TRAV27,TRAJ43,CAGVRARNMRF,1,0,1,1
TRAV12-3,TRAJ30,CAMSAGDKIIF,1,0,1,1
TRAV12-3,TRAJ24,CAMSSWGKLQF,1,0,1,1
TRAV41,TRAJ43,CYLNNNNDMRF,1,0,1,1
TRAV30,TRAJ34,CGTGNTDKLIF,1,0,1,1
TRAV26-2,TRAJ49,CILPSRNQFYF,1,0,1,1
TRAV26-2,TRAJ40,CTLPSISKYIF,1,0,1,1
TRAV17,TRAJ27,WYHTNAGKSTF,1,0,1,1
TRAV12-1,TRAJ39,RVVKEGNMLTF,1,0,1,1
TRAV34,TRAJ43,CAGHRNDMRF,1,0,1,1
TRAV26-1,TRAJ49,CIVTGNQFYF,1,0,1,1
TRAV26-1,TRAJ43,CIVKDNDMRF,1,0,1,1
TRAV25,TRAJ21,CVYFNKFYF,1,0,1,1
TRAV8-3,TRAJ43,WSWNNDMRF,1,0,1,1
TRAV19,TRAJ37,CALSGGRPRGSSNTGKLIF,1,0,1,1
TRAV19,TRAJ42,CALPGRNYGGSQGNLIL,1,0,1,1
TRAV9-2,TRAJ56,CALSGTGANSKLTF,1,0,1,1
TRAV12-2,TRAJ54,CAALTSQGAQKLVF,1,0,1,1
TRAV21,TRAJ32,CAVRVGGATNKLIF,1,0,1,1
TRAV2,TRAJ15,CAADGQAGTALIL,1,0,1,1
TRAV41,TRAJ42,CAVYGGSQGNLIF,1,1,2,2
TRAV12-3,TRAJ49,CAMRSNTGNQFYF,1,0,1,1
TRAV4,TRAJ36,CLDRTGANNLFF,1,0,1,1
TRAV12-1,TRAJ31,CVVRGEGRLMF,1,0,1,1
TRAV26-1,TRAJ40,CIVRPRGSNYKLTFGKGTLLTVNPKTHNTVTTSGTYKYIF,1,0,1,1
TRAV38-2DV8,TRAJ12,CAYRNPRGGMDSSYKLIF,1,0,1,1
TRAV29DV5,TRAJ45,CALRSPLGTGGGADGLTF,1,0,1,1
TRAV9-2,TRAJ45,CALRSPQGTGGGADGLTF,1,0,1,1
TRAV12-2,TRAJ10,CAVIPGDRLTGGGNKLTF,1,0,1,1
TRAV38-2DV8,TRAJ57,CAYRSGGTQGESEKLVF,1,0,1,1
TRAV16,TRAJ52,CALPGNAGGTSYGKLTF,1,0,1,1
TRAV12-3,TRAJ48,CAMSPLISNFGNEKLTF,1,0,1,1
TRAV12-3,TRAJ40,CAMRFPQPTSGTYKYIF,1,0,1,1
TRAV4,TRAJ37,CLVGDLKGSSNTGKLIF,1,0,1,1
TRAV26-2,TRAJ52,CILRGLPGGTSYGKLTF,1,0,1,1
TRAV26-2,TRAJ48,CILRDVGSNFGNEKLTF,1,0,1,1
TRAV26-1,TRAJ42,CIVRVALGGGSQGNLIF,1,0,1,1
TRAV3,TRAJ9,CVVSSRFNTGGFKTIF,1,0,1,1
TRAV12-1,TRAJ22,CVVNEGSSGSARQLTF,1,0,1,1
TRAV38-1,TRAJ44,CAFMKPITGTASKLTF,1,0,1,1
TRAV38-2DV8,TRAJ53,CAYRSGSGGSNYKLTF,1,0,1,1
TRAV38-2DV8,TRAJ45,CAYRKYSGGGADGLTF,1,0,1,1
TRAV19,TRAJ42,CALPMNYGGSQGNLIF,1,0,1,1
TRAV9-2,TRAJ52,CALSDAGGTSYGKLTF,1,0,1,1
TRAV19,TRAJ10,CALSETRTGGGNKLTF,1,0,1,1
TRAV16,TRAJ33,CALRVAPRSSNYQLIW,1,0,1,1
TRAV20,TRAJ56,CAVPTTYTGANSKLTF,1,0,1,1
TRAV21,TRAJ52,CAVTVGGGTSYGKLTF,1,0,1,1
TRAV3,TRAJ13,CAVRDPNSGGYQKVTF,1,0,1,1
TRAV3,TRAJ38,CAVRDVNAGNNRKLIW,1,0,1,1
TRAV3,TRAJ26,CAVRDMIDNYGQNFVF,1,0,1,1
TRAV41,TRAJ45,CADPPYSGGGADGLTF,1,0,1,1
TRAV29DV5,TRAJ10,CAASYILTGGGNKLTF,1,0,1,1
TRAV13-1,TRAJ53,CAASMDSGGSNYKLTF,1,0,1,1
TRAV13-1,TRAJ13,CAASASSSGGYQKVTF,1,0,1,1
TRAV27,TRAJ45,CAGARYSGGGADGLTF,1,0,1,1
TRAV13-2,TRAJ54,CAEYFGQIQGAQKLVF,1,0,1,1
TRAV12-3,TRAJ22,CAMSPVSSGSARQLTF,1,0,1,1
TRAV14DV4,TRAJ48,CAMREGGNFGNEKLTF,1,0,1,1
TRAV4,TRAJ42,CCFTLNYGGSQGNLIF,1,0,1,1
TRAV4,TRAJ22,CLVASISSGSARQLTF,1,0,1,1
TRAV4,TRAJ42,CLVGEVHGGSQGNLIF,1,0,1,1
TRAV26-1,TRAJ42,CIVRVARLRSQGNLIF,1,0,1,1
TRAV26-1,TRAJ38,RIVRLLNAGNNRKLIW,1,0,1,1
TRAV36DV7,TRAJ48,CVPMGSNFGNEKLTF,1,0,1,1
TRAV8-2,TRAJ24,CVVSDWTDSWGKLQF,1,0,1,1
TRAV12-1,TRAJ18,CVVARGGSTLGRLYF,1,0,1,1
TRAV12-1,TRAJ43,CVVIGGRYNNDDMRF,1,0,1,1
TRAV12-1,TRAJ3,CVVTPGYSSASKIIF,1,0,1,1
TRAV12-1,TRAJ42,CVVRAVSGSQGNLIF,1,0,1,1
TRAV12-1,TRAJ42,CVVNRGGGSQGNLIF,1,0,1,1
TRAV12-1,TRAJ6,CVVNRPSGGSYIPTF,1,0,1,1
TRAV12-1,TRAJ53,CVAHNSGGSNYKLTF,1,0,1,1
TRAV38-2DV8,TRAJ57,CAYRSQEGGSEKLVF,1,0,1,1
TRAV9-2,TRAJ44,CALTTNTGTASKLTF,1,0,1,1
TRAV9-2,TRAJ16,CALSDRESDGQKLLF,1,0,1,1
TRAV16,TRAJ57,CALSGRKGGSEKLVF,1,0,1,1
TRAV16,TRAJ53,CAPPNSGGSNYKLTF,1,0,1,1
TRAV41,TRAJ45,CAVPLGGGGADGLTF,1,0,1,1
TRAV21,TRAJ20,CAVVPTWSNDYKLSF,1,0,1,1
TRAV8-6,TRAJ21,CAVSLYGRNFNKFYF,1,0,1,1
TRAV12-2,TRAJ28,CAVKHSGAGSYQLTF,1,0,1,1
TRAV17,TRAJ49,CATVGVVGTGNQFYF,1,0,1,1
TRAV17,TRAJ4,CATDQGTGGYNKLIF,1,0,1,1
TRAV12-2,TRAJ53,CAVIRSGGSNYKLTF,1,0,1,1
TRAV12-2,TRAJ53,CAVNFPRYSNYKLTF,1,0,1,1
TRAV12-2,TRAJ57,CAVNVGPGGSEKLVF,1,0,1,1
TRAV12-2,TRAJ42,CAVNAPRGSQGNLIF,1,0,1,1
TRAV12-3,TRAJ10,CAADILTGGGNKLTL,1,0,1,1
TRAV23DV6,TRAJ28,CAVRFPGAGSYQLTF,1,0,1,1
TRAV13-1,TRAJ17,CAASKVNAAGNKLTF,1,0,1,1
TRAV23DV6,TRAJ23,CAARDPGNQGGKLIF,1,0,1,1
TRAV14DV4,TRAJ45,CAIPYSGGGADGLTF,1,0,1,1
TRAV12-3,TRAJ32,CAMGALGGATNKLIF,1,0,1,1
TRAV12-3,TRAJ4,CAMSAVSGGYNKLIF,1,0,1,1
TRAV30,TRAJ40,CGTRTFTSGTYKYIF,1,0,1,1
TRAV30,TRAJ37,CGTEILGSNTGKLIF,1,0,1,1
TRAV26-1,TRAJ15,CIVGRVEQAGTALIF,1,0,1,1
TRAV26-1,TRAJ45,CIVRISGGGADGLTF,1,0,1,1
TRAV12-1,TRAJ42,CVVNRGGSQGNLIF,1,0,1,1
TRAV12-1,TRAJ9,CVVNTNTGGFKTIF,1,0,1,1
TRAV12-1,TRAJ22,CVVNNVGSARQLTF,1,0,1,1
TRAV38-1,TRAJ53,CAFILRGSNYKLTF,1,0,1,1
TRAV38-1,TRAJ49,CAFTKHDTGKQFYF,1,0,1,1
TRAV38-2DV8,TRAJ26,CALLPENYGQNFVF,1,0,1,1
TRAV19,TRAJ34,CALRTSYNTDKLIF,1,0,1,1
TRAV9-2,TRAJ43,CALTRGGNNNDMRF,1,0,1,1
TRAV9-2,TRAJ42,CALSDRGSQGNLIF,1,0,1,1
TRAV9-2,TRAJ12,CALSEVDSSYKLIF,1,0,1,1
TRAV9-2,TRAJ49,CALRDKNTGNQFYF,1,0,1,1
TRAV20,TRAJ37,CAVRGSSNTGKLIF,1,0,1,1
TRAV2,TRAJ13,CAVSNSGGYQKVTF,1,0,1,1
TRAV20,TRAJ49,CAVQAFGAGNQFYF,1,0,1,1
TRAV20,TRAJ57,CAVQEPGGSEKLVF,1,0,1,1
TRAV2,TRAJ37,CAVAGSSNTGKLIF,1,1,2,2
TRAV8-3,TRAJ48,CAVGPNFGNEKLTF,1,0,1,1
TRAV8-3,TRAJ11,CAVGEGSGYSTLTF,1,0,1,1
TRAV22,TRAJ49,CAVESTNNGNQFYF,1,0,1,1
TRAV8-6,TRAJ4,CAVISSGGYNKLIF,1,0,1,1
TRAV3,TRAJ9,CAVSALTGGFKTIF,1,0,1,1
TRAV3,TRAJ26,CAVRGDNYGQNFVF,1,0,1,1
TRAV1-2,TRAJ8,CAVRDRTGFQKLVF,1,0,1,1
TRAV3,TRAJ20,CAVRDTNNDYKLSF,1,0,1,1
TRAV3,TRAJ11,CAVRENSGYSTLTF,1,0,1,1
TRAV3,TRAJ7,CAVREGDGDNRLAF,1,0,1,1
TRAV35,TRAJ50,CAGLTRTSYDKVIF,1,0,1,1
TRAV17,TRAJ36,CATDAQTGANNLFF,1,0,1,1
TRAV16,TRAJ28,CALGVGAGSYQLTF,1,0,1,1
TRAV36DV7,TRAJ58,CAPARETSGSRLTF,1,0,1,1
TRAV24,TRAJ38,CAPFWDGNNRKLIW,1,0,1,1
TRAV12-2,TRAJ6,CAVPTSGGSYIPTF,1,0,1,1
TRAV12-2,TRAJ10,CAVSLTGGGNKLTF,1,0,1,1
TRAV8-1,TRAJ27,CAVRSNTNAGKSTF,1,0,1,1
TRAV12-2,TRAJ11,CAVKKDSGYSTLTF,1,0,1,1
TRAV13-1,TRAJ45,CAASEGGGADGLTF,1,0,1,1
TRAV13-1,TRAJ49,CAASISDTGNQFYF,1,0,1,1
TRAV13-1,TRAJ17,CAASREAAGNKLTF,1,0,1,1
TRAV13-1,TRAJ13,CAASNSGGYQKVTL,1,0,1,1
TRAV13-1,TRAJ57,CAASKEGGSEKLVF,1,0,1,1
TRAV29DV5,TRAJ33,CAASGWDSNYQLIW,1,0,1,1
TRAV13-1,TRAJ24,CAARGADSWGKLQF,1,0,1,1
TRAV25,TRAJ37,CAGPRVSNTGKLIF,1,0,1,1
TRAV27,TRAJ37,CAGPRPSNTGKLIF,1,0,1,1
TRAV27,TRAJ52,CAGEGGTSYGKLTF,1,0,1,1
TRAV13-2,TRAJ29,CAEIPNSGTTPLVF,1,0,1,1
TRAV5,TRAJ22,CAERDSGSARQLTF,1,0,1,1
TRAV13-2,TRAJ28,CAENSGAGSYQLTF,1,0,1,1
TRAV14DV4,TRAJ4,CAMRDPGGYNKLIF,1,0,1,1
TRAV14DV4,TRAJ34,CAMREGHNTDKLIF,1,0,1,1
TRAV14DV4,TRAJ4,CAIPLSGGYNKLIF,1,0,1,1
TRAV34,TRAJ18,CGADGGSTLGRLYF,1,0,1,1
TRAV34,TRAJ37,CGAERPSNTGKLIF,1,0,1,1
TRAV9-2,TRAJ41,CTLSESNSGYALNF,1,0,1,1
TRAV4,TRAJ9,CLVALNIGGFKTIF,1,0,1,1
TRAV4,TRAJ34,CLVEDITDTDKLIF,1,0,1,1
TRAV26-1,TRAJ15,CIPQANQAGTALIF,1,0,1,1
TRAV26-1,TRAJ39,CIVRGYNAGNMLTF,1,0,1,1
TRAV12-1,TRAJ39,CVVINNAGNMLTF,1,0,1,1
TRAV12-1,TRAJ39,CVVTHNAGNMLTF,1,0,1,1
TRAV10,TRAJ7,CVVSAAENNRLAF,1,0,1,1
TRAV12-1,TRAJ5,CVVNMAGRRALTF,1,0,1,1
TRAV12-1,TRAJ26,CVVNKDYGQNIVF,1,0,1,1
TRAV12-1,TRAJ6,CVGPSGGSYIPTF,1,0,1,1
TRAV12-1,TRAJ36,CVGPQTGANNLFF,1,0,1,1
TRAV38-1,TRAJ39,CAFEDNAGNMLTF,1,0,1,1
TRAV38-1,TRAJ57,CACPQGGSEKLVF,1,0,1,1
TRAV19,TRAJ22,CALVKDSARQLTF,1,0,1,1
TRAV9-2,TRAJ37,CALLSSNTGKLIF,1,0,1,1
TRAV3,TRAJ37,CAPTASNTGKLIF,1,0,1,1
TRAV12-2,TRAJ33,CAVPEDSNYQLIW,1,0,1,1
TRAV41,TRAJ33,CAVALHSNYQLIW,1,0,1,1
TRAV20,TRAJ27,CAVLGPNAGKSTF,1,0,1,1
TRAV20,TRAJ41,CAVRLRSGYALNF,1,0,1,1
TRAV20,TRAJ23,CAVQYDQGGKLIF,1,0,1,1
TRAV8-3,TRAJ34,CAVGARNTDKLIF,1,0,1,1
TRAV20,TRAJ34,CAVGVYNTDKLIF,1,0,1,1
TRAV22,TRAJ41,CAVEANSGYALNF,1,0,1,1
TRAV36DV7,TRAJ34,CAVEAYNTDKLIF,1,0,1,1
TRAV22,TRAJ34,CAVERRNTDKLIF,1,0,1,1
TRAV2,TRAJ44,CAVEGGTASKLTF,1,0,1,1
TRAV8-4,TRAJ15,CAVSEEAGTALIF,1,0,1,1
TRAV21,TRAJ43,CAVRPGDNNDMRF,1,0,1,1
TRAV21,TRAJ13,CAVRHGGYQKVTF,1,0,1,1
TRAV21,TRAJ39,CAVRDNAGNMLTL,1,0,1,1
TRAV3,TRAJ36,CAVRDAGANNLFF,1,0,1,1
TRAV3,TRAJ49,CAVRDGSGNQFYF,1,0,1,1
TRAV3,TRAJ20,CAVRDINDYKLSF,1,0,1,1
TRAV17,TRAJ15,CAAPNQAGTALIF,1,0,1,1
TRAV35,TRAJ37,CAGRILNTGKLIF,1,0,1,1
TRAV35,TRAJ50,CAGPKTSYDKVIF,1,0,1,1
TRAV17,TRAJ34,CATALYNTDKLIF,1,0,1,1
TRAV17,TRAJ29,CATANSGNTPLVF,1,0,1,1
TRAV17,TRAJ7,CATDAGGNNRLAF,1,0,1,1
TRAV12-2,TRAJ37,CAVPWSNTGKLIF,1,0,1,1
TRAV12-2,TRAJ48,CAVVNFGNEKLTF,1,0,1,1
TRAV12-2,TRAJ8,CAVAATGFQKLVF,1,0,1,1
TRAV12-2,TRAJ40,CAVGSSGTYKYIF,1,0,1,1
TRAV8-1,TRAJ22,CAVISGSARQLTF,1,0,1,1
TRAV8-6,TRAJ49,CAVSASAGNQFYF,1,0,1,1
TRAV12-2,TRAJ58,CAVSGTSGSRLTF,1,0,1,1
TRAV12-2,TRAJ9,CAVRTTGGFKTIF,1,0,1,1
TRAV12-2,TRAJ34,CAVNAGHTDKLIF,1,0,1,1
TRAV39,TRAJ48,CAGGDFGNEKLTF,1,0,1,1
TRAV17,TRAJ15,CAIPNQAGTALIF,1,0,1,1
TRAV13-1,TRAJ7,CAAFSYGNNRLAF,1,0,1,1
TRAV13-1,TRAJ47,CAASMSGGNKVVF,1,0,1,1
TRAV27,TRAJ48,CAGDNFGNEKLTF,1,0,1,1
TRAV13-2,TRAJ42,CAEMEGSQGNLIF,1,0,1,1
TRAV12-3,TRAJ8,CAMRDTGFQKLVF,1,0,1,1
TRAV12-3,TRAJ30,CAMSEVRDDKIIF,1,0,1,1
TRAV14DV4,TRAJ40,CAMRAGGTYKYIF,1,0,1,1
TRAV20,TRAJ4,CGVFSGGYNKLIF,1,0,1,1
TRAV4,TRAJ26,CLVGLPYGQNFVF,1,0,1,1
TRAV26-1,TRAJ16,CIVRSVDGQKLLF,1,0,1,1
TRAV12-1,TRAJ49,CVVTYTGNQFYF,1,0,1,1
TRAV12-1,TRAJ27,CVVSLNAGKSTF,1,1,2,2
TRAV12-1,TRAJ13,CVVNGGYQKVTS,1,0,1,1
TRAV12-1,TRAJ15,CVVNEAGTALIF,1,0,1,1
TRAV38-2DV8,TRAJ49,CAYRSPGNQFYF,1,0,1,1
TRAV19,TRAJ43,CALSEADNDMRF,1,0,1,1
TRAV16,TRAJ29,CALSSGNTPLVF,1,0,1,1
TRAV9-2,TRAJ21,CAPKYNFNKFYF,1,0,1,1
TRAV9-2,TRAJ42,CAHGGSQGNLIF,1,0,1,1
TRAV8-3,TRAJ27,CAVGASAGKSTF,1,0,1,1
TRAV22,TRAJ20,CAVERGDYKLSF,1,0,1,1
TRAV8-4,TRAJ24,CAVSSSWGKLQF,1,0,1,1
TRAV9-2,TRAJ48,CAGRRGNEKLTF,1,0,1,1
TRAV41,TRAJ29,CAKSSGNTPLVF,1,0,1,1
TRAV12-2,TRAJ49,CAVLNTGNQFYF,1,0,1,1
TRAV12-2,TRAJ31,CAVTLNNARLMF,1,0,1,1
TRAV12-2,TRAJ24,CAVSDSWGRLQF,1,0,1,1
TRAV12-2,TRAJ27,CAVKRDAGKSTF,1,0,1,1
TRAV12-2,TRAJ35,CAAIGFGNVLHC,1,0,1,1
TRAV12-2,TRAJ29,CASNSGNTPLVF,1,0,1,1
TRAV8-6,TRAJ34,CAGSYNTDKLIF,1,0,1,1
TRAV13-1,TRAJ34,CAPPRGSDKLIF,1,1,2,2
TRAV13-1,TRAJ5,CAALTGRRALTF,1,0,1,1
TRAV29DV5,TRAJ42,CAAGGSQGNLIF,1,0,1,1
TRAV27,TRAJ36,CAGAGGANNLFF,1,0,1,1
TRAV27,TRAJ49,CAGAETGNQFYF,1,0,1,1
TRAV13-2,TRAJ40,CAENGGTYKYIF,1,0,1,1
TRAV13-2,TRAJ39,CAENNAGNMLTF,1,0,1,1
TRAV12-2,TRAJ26,CAVDNYGQNFVF,1,0,1,1
TRAV26-2,TRAJ37,CIQSSNTGKLIF,1,0,1,1
TRAV26-1,TRAJ37,CIVRVNTGKLIF,1,1,2,2
TRAV26-1,TRAJ37,CIVRVNTGKLTF,1,0,1,1
TRAV26-1,TRAJ43,RIVIEWNNDMRF,1,0,1,1
TRAV12-1,TRAJ20,CVVIRDYKLSF,1,0,1,1
TRAV12-1,TRAJ39,CVVKEGNMLTF,1,0,1,1
TRAV3,TRAJ12,CAVRRPSKLVF,1,0,1,1
TRAV3,TRAJ12,CAVRRPSKLIF,1,0,1,1
TRAV23DV6,TRAJ53,CAGGSNYKLTF,1,0,1,1
TRAV17,TRAJ20,CATGIDYKLSF,1,0,1,1
TRAV12-2,TRAJ23,CAVRGGRKLIF,1,0,1,1
TRAV12-2,TRAJ49,CAVNTGNQFYF,1,0,1,1
TRAV8-1,TRAJ30,CAAQARDKIIF,1,0,1,1
TRAV12-2,TRAJ37,CAGSNTGKLIF,1,0,1,1
TRAV25,TRAJ21,CAVYDFNKFYF,1,0,1,1
TRAV17,TRAJ23,CTPDQGGKLIF,1,0,1,1
TRAV4,TRAJ37,CLVSNTGKLIF,1,0,1,1
TRAV26-2,TRAJ53,CIPRSNYKLTF,1,0,1,1
TRAV17,TRAJ41,CATVGYALNF,1,1,2,2
TRAV17,TRAJ34,CAQHTDKLIF,1,0,1,1
TRAV13-1,TRAJ49,CAAESYQFYF,1,0,1,1
TRAV13-1,TRAJ11,CAASIFTLTF,1,0,1,1
TRAV25,TRAJ49,CAGDGNQFYF,1,0,1,1
TRAV2,TRAJ21,CAVDFNKFYF,1,0,1,1
TRAV13-2,TRAJ37,CAEKRSSNTGKLIF,1,0,1,1
TRAV21,TRAJ47,CAAPSEYGNELVF,1,0,1,1
TRAV17,TRAJ31,CATDSAWDNARLMF,0,2,1,2
TRAV9-2,TRAJ21,CALDRYNFNKFYF,0,2,1,2
TRAV14DV4,TRAJ13,CAMRELWRGYQKVTF,0,1,1,1
TRAV9-2,TRAJ12,CALSDRMDSSYKLIF,0,2,1,2
TRAV12-3,TRAJ22,CAMTVSGSARQLTF,0,1,1,1
TRAV21,TRAJ35,CAVSRGFGNVLHC,0,1,1,1
TRAV13-1,TRAJ28,CAAISYSGAGSYQLTF,0,1,1,1
TRAV13-1,TRAJ39,CAASMDNAGNMLTF,0,1,1,1
TRAV2,TRAJ26,CAVEVAGQNFVF,0,1,1,1
TRAV39,TRAJ57,CAVRYLTQGGSEKLVF,0,1,1,1
TRAV20,TRAJ32,CAVQPRGYGGATNKLIF,0,1,1,1
TRAV2,TRAJ20,CAVRHDYKLSF,0,1,1,1
TRAV29DV5,TRAJ52,CAMREGYRPGGTSYGKLTF,0,1,1,1
TRAV12-1,TRAJ6,CVVNPGASSGGSYIPTF,0,2,1,2
TRAV13-1,TRAJ53,CAAAYSGGSNYKLTF,0,1,1,1
TRAV38-1,TRAJ37,CAFAGSSNTGKLIF,0,2,1,2
TRAV14DV4,TRAJ6,CAMRISGGSYIPTF,0,1,1,1
TRAV35,TRAJ53,CAGRGGSNYKLTF,0,2,1,2
TRAV13-2,TRAJ21,CAENERNFNKFYF,0,2,1,2
TRAV9-2,TRAJ41,CALSEDVYALNF,0,1,1,1
TRAV13-2,TRAJ15,CAETHQQAGTALFF,0,1,1,1
TRAV13-1,TRAJ26,CAAIIYNYGQNFVF,0,3,1,3
TRAV13-2,TRAJ42,CAEINYGGSQGNLIF,0,1,1,1
TRAV38-1,TRAJ44,CAFGDTGTASKLTF,0,1,1,1
TRAV34,TRAJ42,CGADNEGSQGNLIF,0,1,1,1
TRAV2,TRAJ33,CVLERDSNYQLIW,0,1,1,1
TRAV12-2,TRAJ9,CAVGNTGGFKTIF,0,1,1,1
TRAV26-1,TRAJ52,CIVSGTSYGKLTF,0,1,1,1
TRAV14DV4,TRAJ42,CAMRVDLNYGGSQGNLIF,0,1,1,1
TRAV14DV4,TRAJ24,CAMRDPMTTDSWGKLQF,0,1,1,1
TRAV19,TRAJ54,CALSEARPQGAQKLVF,0,1,1,1
TRAV12-2,TRAJ26,CAVAGYRDNYGQNFVF,0,1,1,1
TRAV14DV4,TRAJ47,CAMREGSWEYGNKLVF,0,1,1,1
TRAV36DV7,TRAJ23,CASPDYNQGGKLIF,0,2,1,2
TRAV38-2DV8,TRAJ57,CAYLLQGGSEKLVF,0,1,1,1
TRAV9-2,TRAJ32,CALSEGGATNKLIF,0,1,1,1
TRAV8-3,TRAJ15,CAVASNQAGTALIF,0,1,1,1
TRAV27,TRAJ58,CAGARGTSGSKLTF,0,1,1,1
TRAV38-1,TRAJ43,CAFMKSNNNDMRF,0,1,1,1
TRAV38-1,TRAJ49,CASFTNTGNQFYF,0,1,1,1
TRAV38-2DV8,TRAJ57,CAYQGGGSEKLVF,0,1,1,1
TRAV2,TRAJ3,CAVDSSASKIIF,0,1,1,1
TRAV8-1,TRAJ9,CAVTGGGFKTIF,0,1,1,1
TRAV17,TRAJ24,CATDRGADSWGKLQF,0,1,1,1
TRAV12-3,TRAJ34,CAIWDTDKLIF,0,1,1,1
TRAV12-3,TRAJ53,CAMSALGGSNYKLTF,0,1,1,1
TRAV3,TRAJ27,CAVRDPRMGTNAGKSTF,0,1,1,1
TRAV8-3,TRAJ17,CAVGDVIKAAGNKLTF,0,1,1,1
TRAV38-1,TRAJ44,CAFMTYTGTASKLTF,0,1,1,1
TRAV38-2DV8,TRAJ28,CAYMSSGAGSYQLTF,0,1,1,1
TRAV19,TRAJ21,CALSEAIYGFNKFYF,0,1,1,1
TRAV8-3,TRAJ38,CAVGAGGGNNRKLIW,0,1,1,1
TRAV16,TRAJ18,CAPRRRGSTLGRLYF,0,1,1,1
TRAV13-1,TRAJ37,CAASSRGSNTGKLIF,0,1,1,1
TRAV14DV4,TRAJ34,CAMREGVGNTDKLIF,0,1,1,1
TRAV9-2,TRAJ44,CALTRTGTASKLTF,0,2,1,2
TRAV38-2DV8,TRAJ44,CAPYGGGTASKLTF,0,2,1,2
TRAV5,TRAJ42,CAADYGGSQGNLIF,0,1,1,1
TRAV13-1,TRAJ32,CAGLYGGATNKLIF,0,1,1,1
TRAV26-2,TRAJ49,CILRDPLTGNQFYF,0,1,1,1
TRAV38-1,TRAJ49,CACNNQPGNQFYF,0,1,1,1
TRAV19,TRAJ39,CALGSNAGNMLTF,0,1,1,1
TRAV19,TRAJ29,CALGDLGNTPLVF,0,1,1,1
TRAV21,TRAJ40,CAVLTSGTYKYIF,0,1,1,1
TRAV21,TRAJ57,CAVLWGGSEKLVF,0,1,1,1
TRAV17,TRAJ6,CATDPGGSYIPTF,0,1,1,1
TRAV13-1,TRAJ34,CAASKSNTDKLIF,0,1,1,1
TRAV20,TRAJ49,CAVQAGGNQFYF,0,1,1,1
TRAV8-3,TRAJ40,CAVDSGTYKYIF,0,1,1,1
TRAV12-2,TRAJ15,CAVSSPGTALIF,0,1,1,1
TRAV26-1,TRAJ9,CIVNTGGFKTIF,0,1,1,1
TRAV5,TRAJ23,CAEVQGGKLIF,0,1,1,1
TRAV38-2DV8,TRAJ37,CACRTVSSSNTGKLIF,0,1,1,1
TRAV12-3,TRAJ9,CAMIHLPGGFKTIF,0,1,1,1
TRAV41,TRAJ42,CAVRLRGSQGNLIF,0,2,1,2
TRAV13-1,TRAJ10,CAASKMGGGNKLTF,0,1,1,1
TRAV12-1,TRAJ52,CVVNVGAGGTSYGKLTF,0,1,1,1
TRAV12-1,TRAJ42,CVVNRDYGGSQGNLIF,0,1,1,1
TRAV17,TRAJ22,CATALISSGSARQLTF,0,1,1,1
TRAV12-3,TRAJ10,CAMSAALTGGGNKLTF,0,1,1,1
TRAV30,TRAJ13,CGTEPRFSGGYQKVTF,0,1,1,1
TRAV10,TRAJ40,CVVRSFTSGTYKYIF,0,1,1,1
TRAV19,TRAJ13,CALSLDSGGYQKVTF,0,1,1,1
TRAV16,TRAJ33,CALSAPMDSNYQLIW,0,1,1,1
TRAV2,TRAJ37,CAVGSGSSNTGKLIF,0,1,1,1
TRAV23DV6,TRAJ28,CAFDPSGAGSYQLTF,0,1,1,1
TRAV14DV4,TRAJ48,CAMRSSQFGNEKLTF,0,1,1,1
TRAV26-1,TRAJ39,CIVRVNNNAGNMLTF,0,1,1,1
TRAV12-1,TRAJ9,CVVGHHTGGFKTIF,0,1,1,1
TRAV12-1,TRAJ9,CVVTSFTGGFKTIF,0,1,1,1
TRAV38-1,TRAJ57,CAFSTQGGSEKLVF,0,1,1,1
TRAV19,TRAJ24,CALPATDSWGKLQF,0,1,1,1
TRAV9-2,TRAJ15,CALSVQQAGTALIF,0,2,1,2
TRAV8-3,TRAJ22,CAVGAPGSARQLTF,0,1,1,1
TRAV41,TRAJ53,CAALYSGSNYKLTF,0,1,1,1
TRAV17,TRAJ13,CATRDSGGYQKVTF,0,1,1,1
TRAV17,TRAJ52,CANAGGTSYGKLTF,0,2,1,2
TRAV23DV6,TRAJ30,CAAFTGNRDDKIIF,0,1,1,1
TRAV13-1,TRAJ15,CAASRGQAGTALIF,0,1,1,1
TRAV23DV6,TRAJ24,CAASIGDSWGKLQF,0,1,1,1
TRAV14DV4,TRAJ48,CAMREVDGNEKLTF,0,1,1,1
TRAV14DV4,TRAJ54,CAMREEQGAQKLVF,0,1,1,1
TRAV23DV6,TRAJ35,CAVYLGFGNVLHC,0,1,1,1
TRAV20,TRAJ4,CAVQSGGYNKLIF,0,1,1,1
TRAV8-3,TRAJ12,CAVGEDSSYKLIF,0,1,1,1
TRAV3,TRAJ7,CAVRDGWNNRLAF,0,1,1,1
TRAV41,TRAJ34,CAARSYNTDKLIF,0,1,1,1
TRAV17,TRAJ34,CATDEGNTDKLIF,0,1,1,1
TRAV13-1,TRAJ40,CAAVLSGTYKYIF,0,1,1,1
TRAV23DV6,TRAJ29,CAALLSGNTPLVF,0,1,1,1
TRAV12-3,TRAJ33,CAMSEDSNYQLIW,0,2,1,2
TRAV26-1,TRAJ38,CIAKGGNNRRLIW,0,1,1,1
TRAV12-1,TRAJ43,CVVNRGNNDMRF,0,1,1,1
TRAV16,TRAJ23,CALNNQGGKLIF,0,1,1,1
TRAV12-2,TRAJ43,CAVRYNNNDMRF,0,1,1,1
TRAV29DV5,TRAJ22,CAEDGSARQLTF,0,1,1,1
TRAV25,TRAJ49,CAAQNTGNQFYF,0,1,1,1
TRAV27,TRAJ26,CAGDRNGQNFVF,0,1,1,1
TRAV12-3,TRAJ34,CAILDNADKLIF,0,1,1,1
TRAV12-3,TRAJ30,CASLNRDDKIIF,0,1,1,1
TRAV17,TRAJ58,CARGTSGSRLTF,0,1,1,1
TRAV12-1,TRAJ31,CVVNMNARLMF,0,1,1,1
TRAV12-1,TRAJ47,CAAQYGNKLVF,0,1,1,1
TRAV13-1,TRAJ20,CAASSDYKLSF,0,1,1,1
TRAV38-2DV8,TRAJ34,CAYHTDKLIF,0,1,1,1
TRAV13-1,TRAJ34,CAARQLIF,0,1,1,1
TRAV27,TRAJ29,CAGGGGNIPLVF,0,1,1,1
TRAV13-2,TRAJ43,CAETVNNNDMRF,0,1,1,1
TRAV9-2,TRAJ57,CALLTQGGSEKLVL,0,1,1,1
TRAV5,TRAJ4,CAESTDGGYNKLIF,0,1,1,1
TRAV9-2,TRAJ48,CALPLGNEKLTF,0,1,1,1
TRAV38-2DV8,TRAJ41,CAYRSRNSGYAFNF,0,1,1,1
TRAV6,TRAJ49,CALDMYTGNQLYF,0,1,1,1
TRAV17,TRAJ34,CATDGPNTDKLIF,0,1,1,1
TRAV14DV4,TRAJ49,CAMRGETGNQFYF,0,1,1,1
TRAV17,TRAJ52,CATDGTNAGGTSYGKLTF,0,1,1,1
TRAV13-2,TRAJ42,CAENPMNYGGSQGNLIF,0,1,1,1
TRAV34,TRAJ52,CGADIYAGGTSYGKLTF,0,1,1,1
TRAV26-1,TRAJ47,CIVRLLPHMEYGNKLVF,0,1,1,1
TRAV38-1,TRAJ45,CAFMKHAGGGADGLTS,0,1,1,1
TRAV38-2DV8,TRAJ57,CAYRGAQFSGSEKLVF,0,1,1,1
TRAV19,TRAJ39,CALSEDFNNAGNMLTF,0,1,1,1
TRAV20,TRAJ37,CAVQAAGSSNTGKLIF,0,1,1,1
TRAV20,TRAJ53,CAARLDSGGSNYKLTF,0,1,1,1
TRAV35,TRAJ42,CAGQLYYGGSQGNLIF,0,1,1,1
TRAV17,TRAJ48,CATDAGVVFGNEKLTF,0,1,1,1
TRAV23DV6,TRAJ17,CAALEENKAAGNKLTF,0,1,1,1
TRAV4,TRAJ10,CLVGGKVTGGGNKLTF,0,1,1,1
TRAV12-1,TRAJ5,CVVNLSDTGRRALTF,0,1,1,1
TRAV16,TRAJ4,CALSARSGGYNKLIF,0,1,1,1
TRAV41,TRAJ47,CAVNRRKEYGNKLVF,0,1,1,1
TRAV8-4,TRAJ3,CAVSVGYSSASKIIF,0,1,1,1
TRAV12-2,TRAJ42,CAVNTDGGSQGNLIF,0,1,1,1
TRAV13-2,TRAJ57,CAENLTQGGSEKLVF,0,1,1,1
TRAV12-3,TRAJ28,CAMLASGAGSYQLTF,0,1,1,1
TRAV14DV4,TRAJ44,CAMREATGTASKLTF,0,1,1,1
TRAV26-2,TRAJ54,CILRDLGGGAQKLVF,0,1,1,1
TRAV26-1,TRAJ57,CIVRSPQGGSEKLVF,0,1,1,1
TRAV26-1,TRAJ33,CIVRVWMDSNYQLIW,0,1,1,1
TRAV26-1,TRAJ43,CIGPTLFDNNNDMRF,0,1,1,1
TRAV12-1,TRAJ56,CVVPKTGANSKLTF,0,1,1,1
TRAV12-1,TRAJ23,CVGVNYNQGGKLIF,0,1,1,1
TRAV38-1,TRAJ57,CAFMTQGGSEKLVF,0,1,1,1
TRAV38-2DV8,TRAJ49,CAYRRYNTGNQFYF,0,1,1,1
TRAV19,TRAJ5,CALLVDTGRRALTF,0,1,1,1
TRAV9-2,TRAJ54,CALSGIQGAQKLVF,0,1,1,1
TRAV19,TRAJ22,CALSEAGSARQLTF,0,1,1,1
TRAV9-2,TRAJ49,CALRISNTGNQFYF,0,1,1,1
TRAV16,TRAJ52,CALAGGTSYGKLTF,0,1,1,1
TRAV6,TRAJ44,CALDRTGTASKLTF,0,1,1,1
TRAV19,TRAJ48,CARALDFGNEKLTF,0,1,1,1
TRAV12-2,TRAJ39,CAVRRGNAGNMLTF,0,1,1,1
TRAV12-2,TRAJ52,CAVAGGTSYGKLTF,0,1,1,1
TRAV8-3,TRAJ23,CAVAPYSQGGKLIF,0,1,1,1
TRAV8-3,TRAJ6,CAVGEGRGSYIPTF,0,1,1,1
TRAV2,TRAJ33,CAVGEEDSNYQLIW,0,1,1,1
TRAV2,TRAJ21,CAVEDQNNFNKFYF,0,1,1,1
TRAV2,TRAJ41,CAVEDQSHGYALNF,0,1,1,1
TRAV13-1,TRAJ27,CAASKVANAGKSTF,0,1,1,1
TRAV13-1,TRAJ8,CAARGSTGFQKLVF,0,1,1,1
TRAV27,TRAJ29,CAGSRNSGNTPLVF,0,1,1,1
TRAV14DV4,TRAJ48,CAMRPNFGNEKLTF,0,1,1,1
TRAV14DV4,TRAJ40,CAMRHTSGTYKYIF,0,1,1,1
TRAV14DV4,TRAJ10,CAMRDTGGGDKLTF,0,1,1,1
TRAV21,TRAJ36,CTVIPQTGVNNLFF,0,1,1,1
TRAV26-1,TRAJ30,CFVRPSNRDDKIIF,0,1,1,1
TRAV9-2,TRAJ22,CSFSSGSARQLTF,0,1,1,1
TRAV12-1,TRAJ32,CVVTDGATNKLIF,0,2,1,2
TRAV12-1,TRAJ42,CVVNRGSQGNLIF,0,1,1,1
TRAV9-2,TRAJ53,CALPGGSNYKLTF,0,1,1,1
TRAV9-2,TRAJ49,CALIGPSGNQFYF,0,1,1,1
TRAV9-2,TRAJ31,CALSRGNNARLMF,0,1,1,1
TRAV16,TRAJ33,CALIEDSNYQLIW,0,1,1,1
TRAV16,TRAJ48,CALRGFGNEKLTF,0,1,1,1
TRAV16,TRAJ57,CAPTTGGSEKLVF,0,1,1,1
TRAV41,TRAJ49,CAVRLPPGNQFYF,0,1,1,1
TRAV41,TRAJ37,CAVKRCNTGKLIF,0,1,1,1
TRAV20,TRAJ41,CAVQTRSGYALNF,0,1,1,1
TRAV8-3,TRAJ48,CAVGPKGNEKLTF,0,1,1,1
TRAV2,TRAJ29,CAVETLRNTPLIF,0,1,1,1
TRAV35,TRAJ53,CAGSRGSNYKLTF,0,2,1,2
TRAV17,TRAJ54,CATDSGGAQKLVF,0,1,1,1
TRAV16,TRAJ30,CALTMNRDDKIIF,0,1,1,1
TRAV5,TRAJ39,CARDNNAGNMLTF,0,1,1,1
TRAV8-1,TRAJ30,CAVKPNRDDKIIF,0,2,1,2
TRAV12-3,TRAJ3,CAITHSSASKIIF,0,1,1,1
TRAV29DV5,TRAJ34,CAASAYDTDKLIF,0,1,1,1
TRAV5,TRAJ5,CAERDAGRRALTF,0,1,1,1
TRAV26-1,TRAJ20,CIVRHLNDYKLSF,0,1,1,1
TRAV26-1,TRAJ41,CIAASNSGYALNF,0,1,1,1
TRAV12-1,TRAJ26,CVADNYGQNFVF,0,1,1,1
TRAV9-2,TRAJ49,CALSSSGNQFYF,0,1,1,1
TRAV19,TRAJ29,CALSEPNTPLVF,0,1,1,1
TRAV41,TRAJ44,CAVTGTASKLTF,0,1,1,1
TRAV41,TRAJ49,CAVRANGNQFYF,0,1,1,1
TRAV2,TRAJ20,CAVVPNDYKLSF,0,1,1,1
TRAV21,TRAJ58,CAVGLSGSRLTF,0,1,1,1
TRAV8-3,TRAJ44,CAVRGTASKLTF,0,1,1,1
TRAV12-2,TRAJ21,CAVNKNFNKFYF,0,2,1,2
TRAV13-1,TRAJ49,CAARSTGNQFYF,0,1,1,1
TRAV27,TRAJ29,CAGGGGNTPLVF,0,1,1,1
TRAV13-2,TRAJ9,CAERTGGFKTIF,0,1,1,1
TRAV8-3,TRAJ31,CAVLNNARLMF,0,1,1,1
TRAV2,TRAJ29,CAVAGNTPLVF,0,2,1,2
TRAV17,TRAJ20,CATEDDYKLSF,0,1,1,1
TRAV29DV5,TRAJ23,CAASLGGKLIF,0,1,1,1
TRAV29DV5,TRAJ49,CAASGGNQFYF,0,1,1,1
TRAV38-2DV8,TRAJ48,CAYPGEKLTF,0,1,1,1
TRAV21,TRAJ49,CAATGNQFYF,0,1,1,1
TRAV5,TRAJ6,CARGSYIPTF,0,1,1,1
TRAV4,TRAJ20,CLVAHGLSF,0,1,1,1
TRAV38-2DV8,TRAJ31,CAYRSARLERNNNARLMF,0,1,1,1
TRAV26-1,TRAJ52,CIVRVFGAGGTSYGKLTF,0,1,1,1
TRAV9-2,TRAJ4,CALTPPPVSGGYNKLIF,0,1,1,1
TRAV35,TRAJ22,CAGQPLVIYGSARQLTF,0,2,1,2
TRAV14DV4,TRAJ22,CAMREDRLSGSARQLTF,0,1,1,1
TRAV26-2,TRAJ54,CILRDPRPYWGAQKLVF,0,1,1,1
TRAV12-1,TRAJ52,CVVYDVGGTSYGKLTF,0,1,1,1
TRAV38-1,TRAJ4,CAFMGLFSGGYNKLIF,0,1,1,1
TRAV38-2DV8,TRAJ56,CAYRIFYTGANSKLTF,0,1,1,1
TRAV41,TRAJ45,CAVSYLSGGGADGLTF,0,1,1,1
TRAV20,TRAJ41,CAVRLSNSNSGYALNF,0,1,1,1
TRAV8-3,TRAJ22,CAVAPSGSGSARQLTF,0,2,1,2
TRAV17,TRAJ45,CATGWNSGGGADGLTF,0,1,1,1
TRAV25,TRAJ44,CAGPSANTGTASKLTF,0,1,1,1
TRAV27,TRAJ26,CAGDPPRDNYGQNFVL,0,1,1,1
TRAV12-3,TRAJ52,CAMGGPGGTSYGKLTF,0,1,1,1
TRAV12-3,TRAJ42,CAMSGGYGGSQGNLIF,0,1,1,1
TRAV14DV4,TRAJ3,CAMREGRYSSASKIIF,0,1,1,1
TRAV26-1,TRAJ38,CIVRLLNAGNNRKPIW,0,1,1,1
TRAV38-2DV8,TRAJ57,CAYSRAQGGSEKLVF,0,1,1,1
TRAV38-2DV8,TRAJ56,CAYRSDTGANSKLTF,0,1,1,1
TRAV9-2,TRAJ42,CALSDRAGSQGNLIF,0,1,1,1
TRAV19,TRAJ35,CALSEFGGFGNVLHC,0,1,1,1
TRAV16,TRAJ5,CALSGADTGRRALTF,0,1,1,1
TRAV9-2,TRAJ38,CAPKVVAGNNRKLIW,0,1,1,1
TRAV2,TRAJ42,CAVVGYGGSQGNLIF,0,1,1,1
TRAV2,TRAJ27,CAVEEGNTNAGKSTF,0,1,1,1
TRAV3,TRAJ47,CAVRPLMEYGNKLVF,0,1,1,1
TRAV3,TRAJ41,CAVRDIWNSGYELNF,0,1,1,1
TRAV29DV5,TRAJ42,CAASGPGGSQGNLIF,0,1,1,1
TRAV23DV6,TRAJ13,CAASIDSGGYQKVTF,0,1,1,1
TRAV13-2,TRAJ8,CAENIDDTGFQKLVF,0,1,1,1
TRAV12-2,TRAJ10,CTADILTGGGNKLTF,0,1,1,1
TRAV4,TRAJ39,CLVGDMNNAGNMLTF,0,1,1,1
TRAV4,TRAJ52,CLVGAGGTSYGKLTF,0,1,1,1
TRAV16,TRAJ4,CALSEDAGYNKLIF,0,1,1,1
TRAV20,TRAJ36,CAVLDQTGANNLFF,0,1,1,1
TRAV20,TRAJ12,CAVPSMDSSYKLIF,0,1,1,1
TRAV22,TRAJ24,CAVERTDSWGKLQF,0,1,1,1
TRAV20,TRAJ37,CAVISSSNTGKLIF,0,1,1,1
TRAV2,TRAJ10,CAVTLTGGGNKLTF,0,1,1,1
TRAV3,TRAJ40,CAVRDISGTYKYIF,0,1,1,1
TRAV35,TRAJ29,CAGQLRGGNTPLVF,0,1,1,1
TRAV35,TRAJ45,CAGQPGGGADGLTF,0,1,1,1
TRAV20,TRAJ42,CAIFPGGSQGNLIF,0,1,1,1
TRAV17,TRAJ56,CATADTGANSKLTF,0,1,1,1
TRAV17,TRAJ10,CATALTGGGNKLTF,0,1,1,1
TRAV17,TRAJ40,CATDYHGGTYKYIF,0,1,1,1
TRAV23DV6,TRAJ45,CAPYSGGGADGLTF,0,1,1,1
TRAV12-1,TRAJ17,CAARIKAAGNKLTF,0,1,1,1
TRAV12-2,TRAJ37,CAAHGSSNTGKLIF,0,1,1,1
TRAV29DV5,TRAJ42,CAASGEGSQGNLIF,0,1,1,1
TRAV29DV5,TRAJ37,CAASAPSNTGKLIF,0,1,1,1
TRAV25,TRAJ45,CAGPSGGGADGLTF,0,1,1,1
TRAV27,TRAJ44,CAGARTGTASKLTF,0,1,1,1
TRAV12-3,TRAJ41,CAMTDSNSGYALNF,0,1,1,1
TRAV14DV4,TRAJ23,CAMRGMDQGGKLIF,0,1,1,1
TRAV26-1,TRAJ42,CIVRARGSQGNLIF,0,1,1,1
TRAV9-2,TRAJ27,YALSDDTNAGKSTF,0,1,1,1
TRAV12-1,TRAJ30,CVVNPNRDDKIIF,0,1,1,1
TRAV38-2DV8,TRAJ57,CAYAGGGSEKLVF,0,1,1,1
TRAV19,TRAJ26,CALPDNYGQNFVF,0,1,1,1
TRAV9-2,TRAJ48,CALNNFGNEKLTF,0,1,1,1
TRAV9-2,TRAJ49,CALSLNTGNQFYF,0,1,1,1
TRAV16,TRAJ15,CALSNQAGTALIF,0,1,1,1
TRAV16,TRAJ13,CAHRSGGYQKVTF,0,1,1,1
TRAV41,TRAJ42,CAVFGGSQGNLIF,0,1,1,1
TRAV35,TRAJ23,CAVLYNQGGKLIF,0,1,1,1
TRAV41,TRAJ49,CAVSGNTGNQFYF,0,1,1,1
TRAV2,TRAJ12,CAVVMDSSYKLIF,0,1,1,1
TRAV8-3,TRAJ30,CAVGGNRDDKIIF,0,1,1,1
TRAV2,TRAJ49,CAVEGNTGNQFYF,0,1,1,1
TRAV35,TRAJ49,CAGSPQNGNQFYF,0,1,1,1
TRAV35,TRAJ36,CAGQPPGANNLFF,0,1,1,1
TRAV35,TRAJ57,CAGQGGGSEKLVF,0,1,1,1
TRAV17,TRAJ36,CATAETGANNLFF,0,1,1,1
TRAV12-2,TRAJ44,CAVEMGTASKLTF,0,1,1,1
TRAV12-2,TRAJ28,CAVIGAGSYQLTF,0,1,1,1
TRAV12-2,TRAJ15,CAVNNQAGTALIF,0,1,1,1
TRAV12-2,TRAJ47,CAEDSAYGNKLVF,0,1,1,1
TRAV29DV5,TRAJ13,CAASVMGYQKVTF,0,1,1,1
TRAV5,TRAJ9,CAEIHTGGFKTIF,0,1,1,1
TRAV5,TRAJ20,CAESKEDDYKLSF,0,1,1,1
TRAV12-3,TRAJ10,CAILTGGGNKLTF,0,1,1,1
TRAV12-3,TRAJ23,CAMSVNQGGKLIF,0,1,1,1
TRAV14DV4,TRAJ18,CANRGSTLGRLYF,0,1,1,1
TRAV26-2,TRAJ43,CILLGYNNNDMRF,0,1,1,1
TRAV26-2,TRAJ16,CILRDERGQKLLF,0,1,1,1
TRAV12-1,TRAJ43,CVVNLNNNDMRF,0,1,1,1
TRAV12-1,TRAJ8,CVVNHGFQKLVF,0,1,1,1
TRAV9-2,TRAJ21,CALLYNFNKFYF,0,1,1,1
TRAV9-2,TRAJ30,CALRHRGDKIIF,0,1,1,1
TRAV3,TRAJ17,CAVGTAGNKLTF,0,1,1,1
TRAV2,TRAJ29,CAVGSGNTPLVF,0,1,1,1
TRAV21,TRAJ49,CAVKHTGNQFYF,0,1,1,1
TRAV8-3,TRAJ3,CAIYSSASKIIF,0,1,1,1
TRAV12-2,TRAJ49,CAVTNTGNQFYF,0,1,1,1
TRAV16,TRAJ36,CAAQTGANNLFF,0,1,1,1
TRAV25,TRAJ58,CAGVTSGSRLTF,0,1,1,1
TRAV38-2DV8,TRAJ29,CASTGRNTPLVF,0,1,1,1
TRAV13-1,TRAJ36,CAAEGGANNLFF,0,1,1,1
TRAV27,TRAJ49,CAGASTGNQFYF,0,1,1,1
TRAV13-2,TRAJ16,CAEIEGGQKLLF,0,1,1,1
TRAV14DV4,TRAJ36,CAMRELPNNLFF,0,1,1,1
TRAV12-2,TRAJ53,CATSDGNYKLTF,0,1,1,1
TRAV41,TRAJ58,CAPIRGSRLTF,0,1,1,1
TRAV35,TRAJ33,CAGQSNYQLIW,0,1,1,1
TRAV13-1,TRAJ13,CAAWGYQKVTF,0,1,1,1
TRAV13-1,TRAJ35,CAATIGNVLHC,0,1,1,1
TRAV12-1,TRAJ43,CGRYNNNDMRF,0,1,1,1
TRAV26-2,TRAJ41,CGTNSGYALNF,0,1,1,1
TRAV8-4,TRAJ39,CAEGGNMLTF,0,1,1,1
TRAV12-3,TRAJ20,CAINDYKLSF,0,1,1,1
TRAV14DV4,TRAJ49,CAMSGNQFYF,0,1,1,1
TRAV25,TRAJ43,CAGRNDMRF,0,1,1,1
TRAV10,TRAJ26,FGGQNFVF,0,1,1,1
TRAV13-1,TRAJ52,CAANRGTSYGKLTF,0,1,1,1
TRAV25,TRAJ26,CAGGDNYGQNFVF,0,1,1,1
TRAV29DV5,TRAJ53,CACGGSNYKLTF,0,1,1,1
TRAV29DV5,TRAJ17,CAASAGVAAGNKLTF,0,1,1,1
TRAV27,TRAJ37,CAGARLPGNTGKLIF,0,1,1,1
TRAV2,TRAJ36,CAVEDPTGANNLSF,0,1,1,1
TRAV20,TRAJ41,CAVQARSGYALNF,0,1,1,1
TRAV14DV4,TRAJ48,CAMTKGGNEKLTF,0,1,1,1
TRAV20,TRAJ10,CAVQAASILTGGGNKLTF,0,1,1,1
TRAV20,TRAJ22,CAVQAWSRSSGSARQLTF,0,1,1,1
TRAV3,TRAJ45,CAVRPPFYSGGGADGLTF,0,1,1,1
TRAV17,TRAJ52,CATDGTNAGGTSYGELTF,0,1,1,1
TRAV12-1,TRAJ23,CVVNFSPIYNQGGKLIF,0,1,1,1
TRAV38-2DV8,TRAJ57,CAYRSALTQGGSEKLVF,0,1,1,1
TRAV38-2DV8,TRAJ53,CAYRRFSFGGSNYKLTF,0,1,1,1
TRAV16,TRAJ57,CALPAPRDQGGSEKLVF,0,1,1,1
TRAV36DV7,TRAJ53,CAVEERKRGGSNYKLTF,0,1,1,1
TRAV41,TRAJ45,CAASGSYSGGGADGLTF,0,1,1,1
TRAV12-2,TRAJ45,CAVSERVGGGGADGLTF,0,1,1,1
TRAV23DV6,TRAJ53,CAASTQNSGGSNYKLTF,0,1,1,1
TRAV27,TRAJ28,CAGSHSYSGAGSYQLTF,0,1,1,1
TRAV38-2DV8,TRAJ42,CAYRSVYGGSQGNLIF,0,1,1,1
TRAV19,TRAJ4,CALRAYPSGGYNKLIF,0,1,1,1
TRAV16,TRAJ10,CALSVILTGGGNKLTF,0,1,1,1
TRAV20,TRAJ28,CAVPGPSGAGSYQLTF,0,1,1,1
TRAV2,TRAJ38,CAACPLGAGNNRKLIW,0,1,1,1
TRAV12-3,TRAJ42,CAVSGGYGGSQGNLIF,0,1,1,1
TRAV14DV4,TRAJ44,CAMRPGGTGTASKLTF,0,1,1,1
TRAV14DV4,TRAJ45,CATREVGGGGADGLTF,0,1,1,1
TRAV4,TRAJ17,CLVARRQEAAGNKLTF,0,1,1,1
TRAV2,TRAJ4,CAVPPGEGGYNKLIF,0,1,1,1
TRAV41,TRAJ42,CAVFSPGGSQGNLIF,0,1,1,1
TRAV20,TRAJ40,CAVQGLTSGTYKYIF,0,1,1,1
TRAV8-3,TRAJ15,CAVAPPAKAGTALIF,0,1,1,1
TRAV2,TRAJ29,CAVESSHSGNTPLVF,0,1,1,1
TRAV3,TRAJ9,CAVRALNTGGFKTIF,0,1,1,1
TRAV22,TRAJ44,CAVESNTGTASKLTF,0,1,1,1
TRAV35,TRAJ42,CAGPYYGGSQGNLIF,0,1,1,1
TRAV12-2,TRAJ53,CAVIRSGGSNYKLTS,0,1,1,1
TRAV12-2,TRAJ12,CAVNFWMDSSYKLIF,0,1,1,1
TRAV29DV5,TRAJ53,CAASERGGSNYKLTF,0,1,1,1
TRAV25,TRAJ45,CAGLYSGGGADGLTF,0,1,1,1
TRAV12-3,TRAJ6,CAMSGTSGGSYIPTF,0,1,1,1
TRAV14DV4,TRAJ10,CAMRDITGGGNKLTF,0,1,1,1
TRAV14DV4,TRAJ36,CAMRERQTGANNLFF,0,1,1,1
TRAV13-1,TRAJ4,CTAASFSGGYNKLIF,0,1,1,1
TRAV4,TRAJ42,CLVGGTGGSQGNLIF,0,1,1,1
TRAV26-1,TRAJ42,CIVRSFGGSQGNHIF,0,1,1,1
TRAV26-1,TRAJ27,CIVRVKDTNAGKSTF,0,1,1,1
TRAV12-1,TRAJ3,CVVTRYSSASKIIF,0,1,1,1
TRAV38-2DV8,TRAJ57,CAYRSPGGSEKLVF,0,1,1,1
TRAV9-2,TRAJ18,CALGRGSTLGRLYF,0,1,1,1
TRAV9-2,TRAJ48,CALSANFGNEKLTF,0,1,1,1
TRAV22,TRAJ48,CAVPINFGNEKLTF,0,1,1,1
TRAV20,TRAJ21,CAVLPAPDFNKFYF,0,1,1,1
TRAV20,TRAJ58,CAVPQATSGSRLTF,0,1,1,1
TRAV20,TRAJ6,CAVQATGGSYIPTF,0,1,1,1
TRAV8-3,TRAJ10,CAVAFTGGGNKLTF,0,1,1,1
TRAV8-3,TRAJ30,CAVGVRGRDDKIIF,0,1,1,1
TRAV8-3,TRAJ48,CAVGENFGNEKLTF,0,1,1,1
TRAV36DV7,TRAJ37,CAVDGSSNTGKLIF,0,1,1,1
TRAV22,TRAJ15,CAVEQGQAGTALIF,0,1,1,1
TRAV21,TRAJ50,CAVRTGTSYDKVIF,0,1,1,1
TRAV12-2,TRAJ24,CAVSRTDSWGKLQF,0,1,1,1
TRAV12-2,TRAJ22,CAVYGPGSARQLTF,0,1,1,1
TRAV12-2,TRAJ57,CAVIDQGGSEKLVF,0,1,1,1
TRAV12-2,TRAJ26,CAVNGENYGQNFVF,0,1,1,1
TRAV13-1,TRAJ44,CAAGYTGTASKLTF,0,1,1,1
TRAV23DV6,TRAJ45,CAADSGGGADGLTF,0,1,1,1
TRAV23DV6,TRAJ37,CAASGGSNTGKLIF,0,1,1,1
TRAV13-1,TRAJ4,CAANDLGGYNKLIF,0,1,1,1
TRAV27,TRAJ41,CAGADSNSGYALNF,0,1,1,1
TRAV14DV4,TRAJ6,CAMSLSGGSYIPTF,0,1,1,1
TRAV12-3,TRAJ13,CAMSAVGGYQKVTF,0,1,1,1
TRAV12-3,TRAJ13,CAMSELGGYQKVTF,0,1,1,1
TRAV12-3,TRAJ42,CAMRRRGSQGNLIF,0,1,1,1
TRAV14DV4,TRAJ45,CAMREGGGADGLTF,0,1,1,1
TRAV14DV4,TRAJ24,CTMSPTDSWGKLQF,0,1,1,1
TRAV4,TRAJ39,CLVGGNNAGNMLTF,0,1,1,1
TRAV26-2,TRAJ49,CILRDSNTGNQFYF,0,1,1,1
TRAV26-2,TRAJ37,CILRDSSNTGKLIL,0,1,1,1
TRAV26-1,TRAJ30,CMVGDANRDDKIIF,0,1,1,1
TRAV12-1,TRAJ4,CVVRDGGYNKLIF,0,1,1,1
TRAV12-1,TRAJ48,CVVRFFGNEKLTF,0,1,1,1
TRAV12-1,TRAJ21,CVVNPGNFNKFYF,0,1,1,1
TRAV12-1,TRAJ6,CVVKTGGSYIPTF,0,1,1,1
TRAV38-1,TRAJ40,CAFIASGTYKYIF,0,1,1,1
TRAV38-1,TRAJ45,CAFKGGGADGLTF,0,1,1,1
TRAV38-2DV8,TRAJ49,CAYRPRTGNQFYF,0,1,1,1
TRAV9-2,TRAJ13,CALLAGGYQKVTF,0,1,1,1
TRAV9-2,TRAJ36,CALGQTGANNLFF,0,1,1,1
TRAV9-2,TRAJ24,CALNGGSWGKLQF,0,1,1,1
TRAV16,TRAJ42,CALRFRSQGNLIF,0,1,1,1
TRAV2,TRAJ37,CAVFSSNTGKLIF,0,1,1,1
TRAV21,TRAJ6,CAVRSGGSYIPTF,0,2,1,2
TRAV41,TRAJ58,CAVGSWSGSRLTF,0,1,1,1
TRAV41,TRAJ40,CAVDDSGTYKYIF,0,1,1,1
TRAV41,TRAJ49,CAVRSNTGNQFYF,0,1,1,1
TRAV2,TRAJ42,CAVVRGSQGNLIF,0,1,1,1
TRAV8-3,TRAJ34,CAVGGYNTDKLIF,0,1,1,1
TRAV8-3,TRAJ42,CAVGGGSQGNLIF,0,1,1,1
TRAV12-2,TRAJ37,CAVSKGNTGKLIF,0,1,1,1
TRAV20,TRAJ10,CAVRPGGGNKLTF,0,1,1,1
TRAV20,TRAJ15,CAAANQAGTALIF,0,1,1,1
TRAV29DV5,TRAJ23,CALLYNQGGKLIF,0,1,1,1
TRAV8-1,TRAJ37,CAVLVSNTGKLIF,0,1,1,1
TRAV25,TRAJ42,CAEPRGSQGNLIF,0,1,1,1
TRAV23DV6,TRAJ10,CAPRRGGGNKLTF,0,1,1,1
TRAV13-1,TRAJ3,CAASYSSASKIIF,0,1,1,1
TRAV27,TRAJ17,CAGAKAAGNKLTF,0,1,1,1
TRAV27,TRAJ56,CAGKAGANSKLTF,0,1,1,1
TRAV25,TRAJ48,CADSNFGNEKLTF,0,1,1,1
TRAV5,TRAJ5,CAERHTGRRALTF,0,1,1,1
TRAV5,TRAJ39,CAERGHAGNMLTF,0,1,1,1
TRAV13-2,TRAJ36,CAENPPWGDNLFL,0,1,1,1
TRAV13-2,TRAJ20,CAENNPNDYKLSF,0,1,1,1
TRAV12-3,TRAJ53,CAMLGGSNYKLTF,0,1,1,1
TRAV12-3,TRAJ13,CAMTVGGYQKVTF,0,1,1,1
TRAV12-3,TRAJ40,CAMSVIGTYKYIF,0,1,1,1
TRAV12-3,TRAJ29,CAMSKTGNTPLVF,0,1,1,1
TRAV14DV4,TRAJ50,CAMRETSYDKVIF,0,1,1,1
TRAV38-2DV8,TRAJ41,CAYMHSGYSLNF,0,1,1,1
TRAV9-2,TRAJ48,CALYFGNEKLTF,0,1,1,1
TRAV41,TRAJ58,CALQTSGSRLTF,0,1,1,1
TRAV9-2,TRAJ16,CALRGGGQKLLF,0,1,1,1
TRAV12-2,TRAJ54,CAVDQGAQRLVF,0,1,1,1
TRAV8-3,TRAJ31,CAVGEDNARLMF,0,1,1,1
TRAV8-3,TRAJ42,CAVEGSQGNLIF,0,1,1,1
TRAV8-3,TRAJ56,CAVTGANSKLTF,0,1,1,1
TRAV21,TRAJ20,CAVRPGDYKLSF,0,1,1,1
TRAV22,TRAJ39,CAGHNAGNMLTF,0,1,1,1
TRAV17,TRAJ20,CAMISNDYKLSF,0,1,1,1
TRAV20,TRAJ49,CAMTPTGNQFYF,0,1,1,1
TRAV16,TRAJ16,CAPRAGGQKLLF,0,1,1,1
TRAV23DV6,TRAJ39,CAPPTAGNMLTF,0,1,1,1
TRAV13-1,TRAJ34,CAAAWGTDKLIF,0,1,1,1
TRAV13-1,TRAJ3,CAADSSASKIIF,0,1,1,1
TRAV29DV5,TRAJ49,CAATPGGNQFYF,0,1,1,1
TRAV13-1,TRAJ47,CAASTNGNKLVF,0,1,1,1
TRAV29DV5,TRAJ22,CAASGSARQLTF,0,1,1,1
TRAV29DV5,TRAJ31,CAASTFDARPMF,0,1,1,1
TRAV29DV5,TRAJ49,CAARNTGNQFYF,0,1,1,1
TRAV5,TRAJ36,CAETSGANNLFF,0,1,1,1
TRAV12-3,TRAJ49,CAMSAGSNQFYF,0,1,1,1
TRAV4,TRAJ21,CLVGGNFNKFYF,0,1,1,1
TRAV41,TRAJ54,CAVKEGAQKLVF,0,1,1,1
TRAV26-2,TRAJ43,CILREWGGDMRF,0,1,1,1
TRAV26-2,TRAJ49,CILSATGNQFYF,0,1,1,1
TRAV41,TRAJ31,SPVRDNARLMF,0,1,1,1
TRAV41,TRAJ43,CAVLINNDMRF,0,1,1,1
TRAV8-3,TRAJ34,CAVGRPDKLIF,0,1,1,1
TRAV38-1,TRAJ37,CARMNTGKLIF,0,1,1,1
TRAV12-2,TRAJ53,CAVNSNYKLTF,0,1,1,1
TRAV25,TRAJ49,CAANTGNQFYF,0,1,1,1
TRAV29DV5,TRAJ20,CAASVDYKLSF,0,1,1,1
TRAV25,TRAJ20,CAGPGDYKLSF,0,1,1,1
TRAV13-2,TRAJ43,CAEASDPLMRF,0,1,1,1
TRAV5,TRAJ29,CAETARTPLVF,0,1,1,1
TRAV4,TRAJ29,CLLSGNTPLVF,0,1,1,1
TRAV26-2,TRAJ11,CIPSGYSTLTF,0,1,1,1
TRAV17,TRAJ34,CAQHTDKPIF,0,1,1,1
TRAV12-2,TRAJ37,CAVYTGRLIF,0,1,1,1
TRAV25,TRAJ31,CAAPGARLMF,0,1,1,1
TRAV25,TRAJ30,CAESHDEIIF,0,1,1,1
TRAV13-2,TRAJ29,CAETPSW,0,1,1,1
TRAV3,TRAJ27,CAVRDRSRVRTNAGKSTF,0,1,1,1
TRAV14DV4,TRAJ27,CAMSRPPRSTNAGKSTF,0,1,1,1
TRAV8-3,TRAJ4,CAVGAMFSGGYNKLIF,0,1,1,1
TRAV8-4,TRAJ52,CAVNNAGGTSYGKLTF,0,1,1,1
TRAV2,TRAJ27,CAVGEEDSNYQLIWGAGTKLIIKPGKSTF,0,1,1,1
TRAV26-1,TRAJ44,CIVRVPNLLNTGTASKLTF,0,1,1,1
TRAV19,TRAJ52,CALSEGWAGGTSYGKLTF,0,1,1,1
TRAV3,TRAJ42,CAVRDTMNYGGSQGNLIF,0,1,1,1
TRAV26-2,TRAJ52,CILRPTNAGGTSYGKLTF,0,1,1,1
TRAV12-1,TRAJ6,CVVNPFYASGGSYIPTF,0,1,1,1
TRAV9-2,TRAJ54,CALSDPTIIQGAQKLVF,0,1,1,1
TRAV19,TRAJ13,CALSEARWSGGYQKVTF,0,1,1,1
TRAV12-2,TRAJ42,CAVNKGTYGGSQGNLIF,0,1,1,1
TRAV26-1,TRAJ44,CIVRVALNTGTASKLTF,0,1,1,1
TRAV10,TRAJ37,CVVSARGSSNTGKLIF,0,1,1,1
TRAV12-1,TRAJ52,CVVSNAGGTSYGKLTF,0,1,1,1
TRAV12-1,TRAJ37,CVVNPTGSSNTGKLIF,0,1,1,1
TRAV38-1,TRAJ43,CAFMRHIIANNNDMRF,0,1,1,1
TRAV38-2DV8,TRAJ41,CAYRGTNSNSGYALNF,0,1,1,1
TRAV20,TRAJ53,CAVQATRGGSNYELTF,0,1,1,1
TRAV3,TRAJ37,CAVSPHGSSNTGKLIF,0,1,1,1
TRAV12-2,TRAJ53,CAVHLNSGGSNYKLTF,0,1,1,1
TRAV8-1,TRAJ22,CAVNAGPEGSARQLTF,0,1,1,1
TRAV29DV5,TRAJ44,CAASECHTGTASKLTF,0,1,1,1
TRAV13-1,TRAJ10,CAARIILTGGGNKLTF,0,1,1,1
TRAV13-2,TRAJ28,CAETPFRRAGSYQLTF,0,1,1,1
TRAV5,TRAJ44,CAESPLGPGTASKLTF,0,1,1,1
TRAV12-3,TRAJ42,CAMMGDYGGSQGNLIF,0,1,1,1
TRAV14DV4,TRAJ49,CAMREGSSSPGNQFYF,0,1,1,1
TRAV30,TRAJ13,CGTEPRFSGGYQKATF,0,1,1,1
TRAV26-2,TRAJ39,CILRAMNNNAGNMLTF,0,1,1,1
TRAV26-2,TRAJ42,CILRDEYGGSQGNLIF,0,1,1,1
TRAV26-1,TRAJ58,CIVVEERETSGSRLTF,0,1,1,1
TRAV26-1,TRAJ24,CIVRSRVTDSWGKLQF,0,1,1,1
TRAV12-1,TRAJ32,CVVLNYGGATNKLIF,0,1,1,1
TRAV12-1,TRAJ42,CVVNVGGGSQGNLIF,0,1,1,1
TRAV9-2,TRAJ57,CALSDRQGGSEKLVF,0,1,1,1
TRAV41,TRAJ48,CAVTPRRVGNEKLAF,0,1,1,1
TRAV41,TRAJ48,CAVTPRRVGNEKLTF,0,1,1,1
TRAV41,TRAJ49,CAVRSRGLPGNQFYF,0,1,1,1
TRAV8-3,TRAJ17,CAVAPGAAAGNKLTF,0,1,1,1
TRAV8-3,TRAJ40,CAVGASTSGTYKYIF,0,1,1,1
TRAV2,TRAJ7,CAVEDPVYGNNRLAF,0,1,1,1
TRAV2,TRAJ37,CAVEDGSSNTGKLIF,0,1,1,1
TRAV8-4,TRAJ28,CAVSASGAGSYQLTF,0,1,1,1
TRAV8-4,TRAJ3,CAVSAGYSSASKIIF,0,1,1,1
TRAV3,TRAJ42,CAVRAGRGSQGNLIF,0,1,1,1
TRAV3,TRAJ27,CAVRDTGTNAGKSTF,0,1,1,1
TRAV35,TRAJ52,CAGNAGGTSYGKLTF,0,1,1,1
TRAV35,TRAJ42,CAGRNYGGSQGNLIF,0,1,1,1
TRAV17,TRAJ52,CATGAGGTSYGKLTF,0,1,1,1
TRAV17,TRAJ53,CATMNSGGSNYKLTF,0,1,1,1
TRAV23DV6,TRAJ17,CAFHPSGAAGNKLTF,0,1,1,1
TRAV12-2,TRAJ37,CAVVRGSSNTGKLIF,0,1,1,1
TRAV12-2,TRAJ6,CAVNSFSGGSYIPTF,0,1,1,1
TRAV12-2,TRAJ53,CAVNRSGGSNYKLTF,0,1,1,1
TRAV13-1,TRAJ40,CAATLDPSGTYKYIF,0,1,1,1
TRAV13-1,TRAJ5,CAAGRKDTGRRALTF,0,1,1,1
TRAV23DV6,TRAJ53,CAASFSGGSNYKLTF,0,1,1,1
TRAV13-1,TRAJ37,CAASTRSSDTGKLIF,0,1,1,1
TRAV29DV5,TRAJ41,CAASAFWSSGYALNF,0,1,1,1
TRAV13-1,TRAJ22,CAASKSSGSARQLTF,0,1,1,1
TRAV27,TRAJ41,CAGLTQTNSGYALNF,0,1,1,1
TRAV14DV4,TRAJ53,CAMSRGGGSNYKLTF,0,1,1,1
TRAV12-3,TRAJ54,CAMSATIQGAQKLVF,0,1,1,1
TRAV12-3,TRAJ10,CATHILTGGGNKLTF,0,1,1,1
TRAV26-2,TRAJ22,CILRYSSGSARQLTF,0,1,1,1
TRAV26-1,TRAJ44,CIVSPYTGTASKLTF,0,1,1,1
TRAV26-1,TRAJ50,CIVSRMKTSYDKVIF,0,1,1,1
TRAV26-1,TRAJ15,CIVRVANQAGTALIF,0,1,1,1
TRAV26-1,TRAJ38,CIAVNNAGNNRKLIW,0,1,1,1
TRAV12-1,TRAJ6,CVVAPGGGSYIPTF,0,1,1,1
TRAV12-1,TRAJ9,CVVNIGTGGFKTIF,0,1,1,1
TRAV38-2DV8,TRAJ49,CAYRSANTGNQFYF,0,1,1,1
TRAV38-2DV8,TRAJ49,CAYRSANTDNQFYF,0,1,1,1
TRAV16,TRAJ42,CALLGWGSQGNLIF,0,1,1,1
TRAV9-2,TRAJ44,CALSDTGTASKLTF,0,1,1,1
TRAV19,TRAJ43,CALSDLYNNNDMRF,0,1,1,1
TRAV29DV5,TRAJ16,CALPPLSDGQKLLF,0,1,1,1
TRAV22,TRAJ45,CAVLPRWGADGLTF,0,1,1,1
TRAV2,TRAJ37,CAVSGSSNTGKLIF,0,1,1,1
TRAV2,TRAJ9,CAVVAYTGGFKTIF,0,1,1,1
TRAV22,TRAJ21,CAVVVSYGFNKFYF,0,1,1,1
TRAV20,TRAJ32,CAVAERGATNKLIF,0,1,1,1
TRAV22,TRAJ52,CAVETGTSYGKLTF,0,1,1,1
TRAV3,TRAJ6,CAVREGGGSYIPTF,0,1,1,1
TRAV3,TRAJ9,CAVRTWTGGFKTIF,0,1,1,1
TRAV17,TRAJ41,CATAYPNSGYALNF,0,1,1,1
TRAV41,TRAJ37,CASYGSSNTGKLIF,0,1,1,1
TRAV12-2,TRAJ17,CAVNYGAAGNKLTF,0,1,1,1
TRAV13-1,TRAJ15,CAASTNQAGTALIF,0,1,1,1
TRAV13-1,TRAJ13,CAAILSGGYQKVTF,0,1,1,1
TRAV13-1,TRAJ45,CAATPGGGADGLTF,0,1,1,1
TRAV13-1,TRAJ44,CAATGTGTASKLTF,0,1,1,1
TRAV23DV6,TRAJ49,CAASGWDTGNQFYF,0,1,1,1
TRAV13-1,TRAJ11,CAASRNSGYSTLTF,0,1,1,1
TRAV13-2,TRAJ45,CAEILGGGADGLTF,0,1,1,1
TRAV5,TRAJ10,CAESNGGGGNKLTF,0,1,1,1
TRAV12-3,TRAJ29,CAMSPNSGNTPLVF,0,1,1,1
TRAV12-3,TRAJ33,CAMSVQDSNYQLIW,0,1,1,1
TRAV12-3,TRAJ9,CAMSANTGGFKTIF,0,1,1,1
TRAV14DV4,TRAJ23,CAMRGLNQGGKLIF,0,1,1,1
TRAV14DV4,TRAJ26,CAMREGGYGQNFVF,0,1,1,1
TRAV14DV4,TRAJ30,CAMREGGRDDKIIF,0,1,1,1
TRAV14DV4,TRAJ40,CAMREASGTYKYIF,0,1,1,1
TRAV12-3,TRAJ12,CAIGPKGSSYKLIF,0,1,1,1
TRAV34,TRAJ40,CGADYPSGTYKYIF,0,1,1,1
TRAV26-2,TRAJ39,CILRLNNAGNMLTF,0,1,1,1
TRAV26-1,TRAJ40,CIVRLTSGTYKYIF,0,1,1,1
TRAV12-1,TRAJ24,CVVSTDSWGKLQF,0,1,1,1
TRAV12-1,TRAJ41,CVVNGDSGYALNF,0,1,1,1
TRAV12-1,TRAJ26,CVVNKDYGQNFAF,0,1,1,1
TRAV38-2DV8,TRAJ39,CAYLGNAGNMLTF,0,1,1,1
TRAV6,TRAJ4,CALVSGGYNKLIF,0,1,1,1
TRAV9-2,TRAJ37,CALCSGNTGRLIF,0,1,1,1
TRAV19,TRAJ34,CALSEVGTDRLIF,0,1,1,1
TRAV6,TRAJ34,CALDPYNTDKLIF,0,1,1,1
TRAV9-2,TRAJ27,CALSNTNAGKSTF,0,1,1,1
TRAV16,TRAJ11,CALSNSGYSTLTF,0,1,1,1
TRAV41,TRAJ57,CAVAQGGSEKLVF,0,1,1,1
TRAV2,TRAJ44,CAVNTGTASKLTF,0,1,1,1
TRAV2,TRAJ27,CAVYNTNAGKSTF,0,1,1,1
TRAV20,TRAJ20,CAVQALRDYKLSF,0,1,1,1
TRAV21,TRAJ11,CAVGGPGYSTLTF,0,1,1,1
TRAV2,TRAJ16,CAVDSSDGQKLLF,0,1,1,1
TRAV21,TRAJ39,CAVDDNAGNMLTF,0,1,1,1
TRAV8-3,TRAJ23,CAVEHNQGGKLIF,0,1,1,1
TRAV2,TRAJ39,CAVEGNAGNMLTF,0,1,1,1
TRAV21,TRAJ42,CAVPGGSQGNLIF,0,1,1,1
TRAV2,TRAJ27,CAAYNTNAGKSTF,0,1,1,1
TRAV20,TRAJ13,CAATSGGYQKVTF,0,1,1,1
TRAV17,TRAJ34,CATGPREGDKLIS,0,1,1,1
TRAV24,TRAJ44,CAFSTGTASKLTF,0,1,1,1
TRAV12-2,TRAJ15,CALGRQAGTALIF,0,1,1,1
TRAV12-2,TRAJ3,CAPAGSSASKIIF,0,1,1,1
TRAV39,TRAJ41,CAVDRNSGYALNF,0,1,1,1
TRAV12-2,TRAJ24,CAVTTDSWGKLQF,0,1,1,1
TRAV13-1,TRAJ33,CAACTNSNYQLIW,0,1,1,1
TRAV13-1,TRAJ31,CAAIHENNARLMF,0,1,1,1
TRAV13-1,TRAJ9,CAATRTGGFKTIF,0,1,1,1
TRAV29DV5,TRAJ30,CAANLNRDDKIIF,0,1,1,1
TRAV27,TRAJ27,CAGARTNAGKSTF,0,1,1,1
TRAV13-2,TRAJ20,CAEILSNDYKLSF,0,1,1,1
TRAV13-2,TRAJ30,CAETPNRDDKIIF,0,1,1,1
TRAV13-2,TRAJ10,CAENRGAGNKLTF,0,1,1,1
TRAV12-3,TRAJ49,CAMSPGAGNQFYF,0,1,1,1
TRAV12-3,TRAJ53,CAMSGGSNYKLTF,0,1,1,1
TRAV34,TRAJ30,CGADRRGDDKIIF,0,1,1,1
TRAV26-2,TRAJ49,CILRDFTGNQFYF,0,1,1,1
TRAV26-1,TRAJ49,CIVRVGTGNQFYF,0,1,1,1
TRAV8-2,TRAJ9,CVAITGGFKTIF,0,1,1,1
TRAV12-1,TRAJ24,CVVFDSWGKLQF,0,1,1,1
TRAV12-1,TRAJ39,CVVNNAGNMLTF,0,1,1,1
TRAV12-1,TRAJ9,CVVNTGGFKTIF,0,1,1,1
TRAV38-2DV8,TRAJ49,CAYRSAPGQFYF,0,1,1,1
TRAV9-2,TRAJ49,CALSDSGNQFYF,0,1,1,1
TRAV6,TRAJ27,CALVANAGKSTF,0,1,1,1
TRAV3,TRAJ39,CAVRNAGNMLTF,0,1,1,1
TRAV2,TRAJ41,CAVANSGYALNF,0,1,1,1
TRAV2,TRAJ34,CAVEDNTDKLIF,0,1,1,1
TRAV17,TRAJ34,CATDANTDKLIF,0,1,1,1
TRAV12-2,TRAJ6,CAVTGGSYIPTF,0,1,1,1
TRAV12-2,TRAJ8,CAVNGRFQKLVF,0,1,1,1
TRAV13-1,TRAJ5,CAFKPGRRALTF,0,1,1,1
TRAV13-1,TRAJ45,CALLVGADGLTF,0,1,1,1
TRAV23DV6,TRAJ27,CAPHTNAGKSTF,0,1,1,1
TRAV23DV6,TRAJ39,CAALSPGNMLTF,0,1,1,1
TRAV29DV5,TRAJ26,CAASAVIQNFVF,0,1,1,1
TRAV29DV5,TRAJ49,CAASGPGNQFYF,0,1,1,1
TRAV13-1,TRAJ29,CAANSGNTPLVF,0,1,1,1
TRAV27,TRAJ13,CAGARGYQKVTF,0,1,1,1
TRAV5,TRAJ33,CAERESNYQLIW,0,1,1,1
TRAV13-2,TRAJ23,CAENWRGGKLIF,0,1,1,1
TRAV13-2,TRAJ11,CAENSIYSTLTF,0,1,1,1
TRAV13-2,TRAJ31,CAENYNNARLMF,0,1,1,1
TRAV14DV4,TRAJ29,CAMRENDTPLVF,0,1,1,1
TRAV34,TRAJ7,CGADRGNNRLAF,0,1,1,1
TRAV12-1,TRAJ37,CVVIRASKLIF,0,1,1,1
TRAV12-3,TRAJ34,CAPRDTDKLIF,0,1,1,1
TRAV12-2,TRAJ49,CAVKMSNQFYF,0,1,1,1
TRAV13-1,TRAJ41,CAPNSGYALNF,0,1,1,1
TRAV12-1,TRAJ43,CVVTDNDMRF,0,1,1,1
TRAV21,TRAJ36,CAVWANNLFF,0,1,1,1
TRAV41,TRAJ43,CAGINYDMRF,0,1,1,1
TRAV41,TRAJ49,CAVAMNQFYF,0,1,1,1
TRAV13-1,TRAJ43,CAVRPNDMRY,0,1,1,1
TRAV29DV5,TRAJ43,CAASENDMRF,0,1,1,1
TRAV12-1,TRAJ43,CVASNDMRF,0,1,1,1
TRAV25,TRAJ41,CAGRRALNS,0,1,1,1
TRAV2,TRAJ42,WGSQGNLIL,0,1,1,1
TRAV8-3,TRAJ43,CENDMRF,0,1,1,1
